"","T Cell","B Cell","Macrophage","Dendritic Cell","NK","Endothelial Cell","Fibroblast","Cancer Cell","Monocyte"
"CD27",1,0,0,0,0,0,0,0,0
"CD28",1,0,0,0,0,0,0,0,0
"CD3D",1,0,0,0,0,0,0,0,0
"CD3E",1,0,0,0,0,0,0,0,0
"CD3G",1,0,0,0,0,0,0,0,0
"CD4",1,0,0,0,0,0,0,0,0
"CTLA4",1,0,0,0,0,0,0,0,0
"FOXP3",1,0,0,0,0,0,0,0,0
"IL2RA",1,0,0,0,0,0,0,0,0
"CD8A",1,0,0,0,1,0,0,0,0
"CD8B",1,0,0,0,1,0,0,0,0
"BLNK",0,1,0,0,0,0,0,0,0
"CD19",0,1,0,0,0,0,0,0,0
"CD79A",0,1,0,0,0,0,0,0,0
"CD79B",0,1,0,0,0,0,0,0,0
"MS4A1",0,1,0,0,0,0,0,0,0
"CD14",0,0,1,0,0,0,0,0,1
"CD163",0,0,1,0,0,0,0,0,0
"CD68",0,0,1,0,0,0,0,0,1
"CSF1R",0,0,1,0,0,0,0,0,0
"FCGR3A",1,0,1,0,1,0,0,0,1
"CLEC4C",0,0,0,1,0,0,0,0,0
"IL3RA",0,0,0,1,0,0,0,0,0
"NRP1",0,0,0,1,0,0,0,0,0
"FCGR3B",1,0,0,0,1,0,0,0,1
"KLRB1",0,0,0,0,1,0,0,0,0
"KLRC1",0,0,0,0,1,0,0,0,0
"KLRD1",1,0,0,0,1,0,0,0,0
"KLRF1",1,0,0,0,1,0,0,0,0
"KLRK1",0,0,0,0,1,0,0,0,0
"NCAM1",0,0,0,0,1,0,0,0,0
"CDH5",0,0,0,0,0,1,0,0,0
"SELE",0,0,0,0,0,1,0,0,0
"VWF",0,0,0,0,0,1,0,0,0
"COL1A1",0,0,0,0,0,0,1,0,0
"COL3A1",0,0,0,0,0,0,1,0,0
"FAP",0,0,0,0,0,0,1,0,0
"THY1",0,0,0,0,0,0,1,0,0
"MITF",0,0,0,0,0,0,0,1,0
"MLANA",0,0,0,0,0,0,0,1,0
"PMEL",0,0,0,0,0,0,0,1,0
"TYR",0,0,0,0,0,0,0,1,0
"EPCAM",0,0,0,0,0,0,0,1,0
"MCAM",0,0,0,0,0,0,0,1,0
"WFDC2",0,0,0,0,0,0,0,1,0
"CCR7",1,0,0,0,0,0,0,0,0
"IL7R",1,0,0,0,0,0,0,0,0
"ZNF683",0,0,0,0,1,0,0,0,0
"CD37",0,1,0,0,0,0,0,0,0
"GZMK",1,0,0,0,0,0,0,0,0
"CCL3",0,0,0,0,1,0,0,0,0
"CD160",0,0,0,0,1,0,0,0,0
"CD247",0,0,0,0,1,0,0,0,0
"GNLY",1,0,0,0,1,0,0,0,0
"GZMB",1,0,0,1,1,0,0,0,0
"NKG7",0,0,0,0,1,0,0,0,0
"S100A12",0,0,0,0,0,0,0,0,1
"CCR10",1,0,0,0,0,0,0,0,0
"CD52",1,0,0,0,0,0,0,0,0
"CMTM7",1,0,0,0,0,0,0,0,0
"CD1C",0,0,0,1,0,0,0,0,0
"CST3",0,0,0,1,0,0,0,0,0
"FCER1A",0,0,0,1,0,0,0,0,0
"PF4",0,0,0,0,0,0,0,0,1
"PLA2G12A",0,0,0,0,0,0,0,0,1
"PPBP",0,0,0,0,0,0,0,0,1
"ID2",0,0,0,0,1,0,0,0,0
"ABLIM1",1,0,0,0,0,0,0,0,0
"ACTN1",1,0,0,0,0,0,0,0,0
"AIF1",1,0,0,0,0,0,0,0,0
"APBA2",1,0,0,0,0,0,0,0,0
"APEX1",1,0,0,0,0,0,0,0,0
"ARHGAP45",1,0,0,0,0,0,0,0,0
"ARHGEF18",1,0,0,0,0,0,0,0,0
"ATM",1,0,0,0,0,0,0,0,0
"BACH2",1,0,0,0,0,0,0,0,0
"BEX4",1,0,0,0,0,0,0,0,0
"C1ORF162",1,0,0,0,0,0,0,0,0
"CA6",1,0,0,0,0,0,0,0,0
"CAMK4",1,0,0,0,0,0,0,0,0
"CD248",1,0,0,0,0,0,0,0,0
"CD55",1,0,0,0,0,0,0,0,0
"CEP68",1,0,0,0,0,0,0,0,0
"COQ8A",1,0,0,0,0,0,0,0,0
"DGKA",1,0,0,0,0,0,0,0,0
"EEF2",1,0,0,0,0,0,0,0,0
"EIF3E",1,0,0,0,0,0,0,0,0
"EIF3L",1,0,0,0,0,0,0,0,0
"EPHX2",1,0,0,0,0,0,0,0,0
"EXOSC8",1,0,0,0,0,0,0,0,0
"FAM102A",1,0,0,0,0,0,0,0,0
"FAM117B",1,0,0,0,0,0,0,0,0
"FKBP5",1,0,0,0,0,0,0,0,0
"FOXP1",1,0,0,0,0,0,0,0,0
"GAS5",1,0,0,0,0,0,0,0,0
"GCSAM",1,0,0,0,0,0,0,0,0
"GIMAP2",1,0,0,0,0,0,0,0,0
"GPR155",1,0,0,0,0,0,0,0,0
"GPR183",1,0,0,0,0,0,0,0,0
"IGF1R",1,0,0,0,0,0,0,0,0
"ITFG2",1,0,0,0,0,0,0,0,0
"LDHB",1,0,0,0,0,0,0,0,0
"LDLRAP1",1,0,0,0,0,0,0,0,0
"LEF1",1,0,0,0,0,0,0,0,0
"LEF1-AS1",1,0,0,0,0,0,0,0,0
"LINC01550",1,0,0,0,0,0,0,0,0
"LMO7",1,0,0,0,0,0,0,0,0
"LRRC75A",1,0,0,0,0,0,0,0,0
"LRRN3",1,0,0,0,0,0,0,0,0
"MAL",1,0,0,0,0,0,0,0,0
"MAML2",1,0,0,0,0,0,0,0,0
"MLXIP",1,0,0,0,0,0,0,0,0
"MYC",1,0,0,0,0,0,0,0,0
"NDFIP1",1,0,0,0,0,0,0,0,0
"NELL2",1,0,0,0,0,0,0,0,0
"NOG",1,0,0,0,0,0,0,0,0
"NOSIP",1,0,0,0,0,0,0,0,0
"NPAT",1,0,0,0,0,0,0,0,0
"NPM1",1,0,0,0,0,0,0,0,0
"NT5E",1,0,0,0,0,0,0,0,0
"OXNAD1",1,0,0,0,0,0,0,0,0
"PASK",1,0,0,0,0,0,0,0,0
"PDE3B",1,0,0,0,0,0,0,0,0
"PDK1",1,0,0,0,0,0,0,0,0
"PIK3IP1",1,0,0,0,0,0,0,0,0
"PLEKHB1",1,0,0,0,0,0,0,0,0
"PRKCQ-AS1",1,0,0,0,0,0,0,0,0
"PSIP1",1,0,0,0,0,0,0,0,0
"R3HDM4",1,0,0,0,0,0,0,0,0
"RACK1",1,0,0,0,0,0,0,0,0
"RASGRP2",1,0,0,0,0,0,0,0,0
"RCAN3",1,0,0,0,0,0,0,0,0
"RIC3",1,0,0,0,0,0,0,0,0
"RPS8",1,0,0,0,0,0,0,0,0
"SCML4",1,0,0,0,0,0,0,0,0
"SELL",1,0,0,0,0,0,0,0,0
"SERINC5",1,0,0,0,0,0,0,0,0
"SGSM3",1,0,0,0,0,0,0,0,0
"SH3YL1",1,0,0,0,0,0,0,0,0
"SMAP2",1,0,0,0,0,0,0,0,0
"SNED1",1,0,0,0,0,0,0,0,0
"SNURF",1,0,0,0,0,0,0,0,0
"SPINT2",1,0,0,0,0,0,0,0,0
"SPTBN1",1,0,0,0,0,0,0,0,0
"STMN3",1,0,0,0,0,0,0,0,0
"TCF7",1,0,0,0,0,0,0,0,0
"THAP7",1,0,0,0,0,0,0,0,0
"THEM4",1,0,0,0,0,0,0,0,0
"TMEM123",1,0,0,0,0,0,0,0,0
"TMEM204",1,0,0,0,0,0,0,0,0
"TMEM63A",1,0,0,0,0,0,0,0,0
"TNFSF8",1,0,0,0,0,0,0,0,0
"TOMM7",1,0,0,0,0,0,0,0,0
"TPCN1",1,0,0,0,0,0,0,0,0
"TRABD2A",1,0,0,0,0,0,0,0,0
"TRAP1",1,0,0,0,0,0,0,0,0
"TRMT1",1,0,0,0,0,0,0,0,0
"TXK",1,0,0,0,0,0,0,0,0
"UBQLN2",1,0,0,0,0,0,0,0,0
"VIPR1",1,0,0,0,0,0,0,0,0
"WDR43",1,0,0,0,0,0,0,0,0
"ZNF101",1,0,0,0,0,0,0,0,0
"ADAM8",1,0,0,0,0,0,0,0,0
"ADGRG1",1,0,0,0,0,0,0,0,0
"ADRB2",1,0,0,0,0,0,0,0,0
"AGTPBP1",1,0,0,0,0,0,0,0,0
"AHNAK",1,0,0,0,0,0,0,0,0
"ARHGAP25",1,0,0,0,0,0,0,0,0
"ARL4C",1,0,0,0,0,0,0,0,0
"BIN2",1,0,0,0,0,0,0,0,0
"C12ORF75",1,0,0,0,0,0,0,0,0
"C1ORF21",1,0,0,0,0,0,0,0,0
"CAPN2",1,0,0,0,0,0,0,0,0
"CASP8",1,0,0,0,0,0,0,0,0
"CD300A",1,0,0,0,0,0,0,0,0
"CEP78",1,0,0,0,0,0,0,0,0
"CX3CR1",1,0,0,0,0,0,0,0,0
"DSTN",1,0,0,0,0,0,0,0,0
"EFHD2",1,0,0,0,0,0,0,0,0
"EMP3",1,0,0,0,0,0,0,0,0
"FCRL6",1,0,0,0,0,0,0,0,0
"FGFBP2",1,0,0,0,0,0,0,0,0
"FGR",1,0,0,0,0,0,0,0,0
"FLNA",1,0,0,0,0,0,0,0,0
"FUT11",1,0,0,0,0,0,0,0,0
"GAB3",1,0,0,0,0,0,0,0,0
"GK5",1,0,0,0,0,0,0,0,0
"GLUL",1,0,0,0,0,0,0,0,0
"GZMH",1,0,0,0,0,0,0,0,0
"ITGAM",1,0,0,0,0,0,0,0,0
"KCNAB2",1,0,0,0,0,0,0,0,0
"LGALS1",1,0,0,0,0,0,0,0,0
"LILRB1",1,0,0,0,0,0,0,0,0
"LITAF",1,0,0,0,0,0,0,0,0
"LLGL2",1,0,0,0,0,0,0,0,0
"LPCAT1",1,0,0,0,0,0,0,0,0
"LUZP6",1,0,0,0,0,0,0,0,0
"MBP",1,0,0,0,0,0,0,0,0
"MTSS1",1,0,0,0,0,0,0,0,0
"MYO1F",1,0,0,0,0,0,0,0,0
"MYO1G",1,0,0,0,0,0,0,0,0
"OSBPL5",1,0,0,0,0,0,0,0,0
"PATL2",1,0,0,0,0,0,0,0,0
"PIK3R5",1,0,0,0,0,0,0,0,0
"PLEK",1,0,0,0,0,0,0,0,0
"PLEKHG3",1,0,0,0,0,0,0,0,0
"PRKCB",1,0,0,0,0,0,0,0,0
"PRSS23",1,0,0,0,0,0,0,0,0
"PXN",1,0,0,0,0,0,0,0,0
"RAP1B",1,0,0,0,0,0,0,0,0
"RAP1GAP2",1,0,0,0,0,0,0,0,0
"RAP2B",1,0,0,0,0,0,0,0,0
"RASSF1",1,0,0,0,0,0,0,0,0
"RGS19",1,0,0,0,0,0,0,0,0
"RNF166",1,0,0,0,0,0,0,0,0
"S1PR5",1,0,0,0,0,0,0,0,0
"SAMD3",1,0,0,0,0,0,0,0,0
"SH3BP5",1,0,0,0,0,0,0,0,0
"SH3BP5-AS1",1,0,0,0,0,0,0,0,0
"SLC2A1",1,0,0,0,0,0,0,0,0
"SLC9A3R1",1,0,0,0,0,0,0,0,0
"SLCO4C1",1,0,0,0,0,0,0,0,0
"SPON2",1,0,0,0,0,0,0,0,0
"SRPK2",1,0,0,0,0,0,0,0,0
"STK10",1,0,0,0,0,0,0,0,0
"SYNE1",1,0,0,0,0,0,0,0,0
"TAGLN2",1,0,0,0,0,0,0,0,0
"TBX21",1,0,0,0,0,0,0,0,0
"TGFBR3",1,0,0,0,0,0,0,0,0
"TM4SF19",1,0,0,0,0,0,0,0,0
"TM4SF19-TCTEX1D2",1,0,0,0,0,0,0,0,0
"TPST2",1,0,0,0,0,0,0,0,0
"TTC16",1,0,0,0,0,0,0,0,0
"TTC38",1,0,0,0,0,0,0,0,0
"USP28",1,0,0,0,0,0,0,0,0
"VCL",1,0,0,0,0,0,0,0,0
"VEZF1",1,0,0,0,0,0,0,0,0
"WDR37",1,0,0,0,0,0,0,0,0
"ZEB2",1,0,0,0,0,0,0,0,0
"ZEB2-AS1",1,0,0,0,0,0,0,0,0
"ZNF600",1,0,0,0,0,0,0,0,0
"EEF1B2",1,0,0,0,0,0,0,0,0
"FHIT",1,0,0,0,0,0,0,0,0
"GIMAP5",1,0,0,0,0,0,0,0,0
"GIMAP8",1,0,0,0,0,0,0,0,0
"PRKCA",1,0,0,0,0,0,0,0,0
"RPS5",1,0,0,0,0,0,0,0,0
"RSL1D1",1,0,0,0,0,0,0,0,0
"SATB1",1,0,0,0,0,0,0,0,0
"SLC40A1",1,0,0,0,0,0,0,0,0
"SVIL",1,0,0,0,0,0,0,0,0
"TESPA1",1,0,0,0,0,0,0,0,0
"TSHZ2",1,0,0,0,0,0,0,0,0
"ANXA2P2",1,0,0,0,0,0,0,0,0
"ATP2B1",1,0,0,0,0,0,0,0,0
"B3GNT2",1,0,0,0,0,0,0,0,0
"BIRC3",1,0,0,0,0,0,0,0,0
"CASP2",1,0,0,0,0,0,0,0,0
"CCDC141",1,0,0,0,0,0,0,0,0
"CCM2",1,0,0,0,0,0,0,0,0
"CCR4",1,0,0,0,0,0,0,0,0
"CCR8",1,0,0,0,0,0,0,0,0
"CLDND1",1,0,0,0,0,0,0,0,0
"CORO7",1,0,0,0,0,0,0,0,0
"CORO7-PAM16",1,0,0,0,0,0,0,0,0
"CPNE2",1,0,0,0,0,0,0,0,0
"ELK3",1,0,0,0,0,0,0,0,0
"F5",1,0,0,0,0,0,0,0,0
"FAM110A",1,0,0,0,0,0,0,0,0
"FANK1",1,0,0,0,0,0,0,0,0
"FCMR",1,0,0,0,0,0,0,0,0
"FCRL3",1,0,0,0,0,0,0,0,0
"GLRX",1,0,0,0,0,0,0,0,0
"HAPLN3",1,0,0,0,0,0,0,0,0
"HPGD",1,0,0,0,0,0,0,0,0
"IKZF2",1,0,0,0,0,0,0,0,0
"IL10RA",1,0,0,0,0,0,0,0,0
"ISG20",1,0,0,0,0,0,0,0,0
"LMNA",1,0,0,0,0,0,0,0,0
"METTL7A",1,0,0,0,0,0,0,0,0
"PDP1",1,0,0,0,0,0,0,0,0
"PI16",1,0,0,0,0,0,0,0,0
"REREP3",1,0,0,0,0,0,0,0,0
"RNF214",1,0,0,0,0,0,0,0,0
"RTKN2",1,0,0,0,0,0,0,0,0
"SAMHD1",1,0,0,0,0,0,0,0,0
"SELPLG",1,0,0,0,0,0,0,0,0
"SNX20",1,0,0,0,0,0,0,0,0
"STAM",1,0,0,0,0,0,0,0,0
"TBC1D4",1,0,0,0,0,0,0,0,0
"TLDC2",1,0,0,0,0,0,0,0,0
"TRIM16",1,0,0,0,0,0,0,0,0
"TTC39C",1,0,0,0,0,0,0,0,0
"TTN",1,0,0,0,0,0,0,0,0
"USP15",1,0,0,0,0,0,0,0,0
"ARMH1",1,0,0,0,0,0,0,0,0
"SNHG32",1,0,0,0,0,0,0,0,0
"SINHCAF",1,0,0,0,0,0,0,0,0
"NOP53",1,0,0,0,0,0,0,0,0
"SNHG29",1,0,0,0,0,0,0,0,0
