"","Alpha Cell","Beta Cell","Delta Cell","PP Cell","Acinar Cell","Ductal Cell","Mesenchymal Cell"
"ARX",1,0,0,1,0,0,0
"LDB2",1,0,0,0,0,0,0
"CRYBA2",1,0,0,0,0,0,0
"FEV",1,0,0,0,0,0,0
"GBA",1,0,0,0,0,0,0
"HMGB3",1,0,0,0,0,0,0
"TM4SF4",1,0,0,0,0,0,0
"IRX2",1,0,0,0,0,0,0
"KLHL41",1,0,0,0,0,0,0
"LOXL4",1,0,0,0,0,0,0
"MAFB",1,0,0,0,0,0,0
"PTGER3",1,0,0,0,0,0,0
"PGR",1,0,0,0,0,0,0
"PLCE1",1,0,0,0,0,0,0
"RFX6",1,0,0,0,0,0,0
"RGPD4",1,0,0,0,0,0,0
"SMARCA1",1,0,0,0,0,0,0
"BMP5",0,1,0,0,0,0,0
"CDKN1C",0,1,0,0,0,0,0
"TFCP2L1",0,1,0,0,0,0,0
"DLK1",0,1,0,0,0,0,0
"NPTX2",0,1,0,0,0,0,0
"MZB1",0,1,0,0,0,0,0
"PDX1",0,1,0,0,0,0,0
"PFKFB2",0,1,0,0,0,0,0
"PIR",0,1,0,0,0,0,0
"SIX2",0,1,0,0,0,0,0
"SIX3",0,1,0,0,0,0,0
"SMAD9",0,1,0,0,0,0,0
"SYT13",0,1,0,0,0,0,0
"TGFBR3",0,1,0,0,0,0,0
"AATF",0,0,1,0,0,0,0
"EHF",0,0,1,0,0,0,0
"ETV1",0,0,1,1,0,0,0
"GABRG2",0,0,1,0,0,0,0
"ERBB4",0,0,1,0,0,0,0
"ISL1",0,0,1,0,0,0,0
"LCORL",0,0,1,0,0,0,0
"PSIP1",0,0,1,0,0,0,0
"LEPR",0,0,1,0,0,0,0
"PCSK1",0,1,1,0,0,0,0
"PDLIM4",0,0,1,0,0,0,0
"POU3F1",0,0,1,0,0,0,0
"RBP4",0,1,1,0,0,0,0
"PRG4",0,0,1,0,0,0,0
"RGS2",0,0,1,0,0,0,0
"FRZB",0,0,1,0,0,0,0
"BHLHE41",0,0,1,0,0,0,0
"AQP3",0,0,0,1,0,0,0
"CHN2",0,0,0,1,0,0,0
"ID2",0,0,0,1,0,0,0
"ID4",0,0,0,1,0,0,0
"CARTPT",0,0,0,1,0,0,0
"EGR3",0,0,0,1,0,0,0
"ENTPD2",0,0,0,1,0,0,0
"MEIS1",0,0,0,1,0,0,0
"MEIS2",0,0,0,1,0,0,0
"PAX6",0,0,0,1,0,0,0
"PTGFR",0,0,0,1,0,0,0
"LMO3",0,0,0,1,0,0,0
"SERTM1",0,0,0,1,0,0,0
"SLITRK6",0,0,0,1,0,0,0
"THSD7A",0,0,0,1,0,0,0
"ZNF506",0,0,0,1,0,0,0
"AADAC",0,0,0,0,1,0,0
"AKR1B10",0,0,0,0,1,0,0
"AKR1C1",0,0,0,0,1,0,0
"AKR1C2",0,0,0,0,1,0,0
"AKR1C3",0,0,0,0,1,0,0
"AKR7A3",0,0,0,0,1,0,0
"ALB",0,0,0,0,1,0,0
"ALDOB",0,0,0,0,1,0,0
"AMY2A",0,0,0,0,1,0,0
"AMY2B",0,0,0,0,1,0,0
"AMYP1",0,0,0,0,1,0,0
"ANPEP",0,0,0,0,1,0,0
"AQP8",0,0,0,0,1,0,0
"AZGP1",0,0,0,0,1,0,0
"BCAT1",0,0,0,0,1,0,0
"C15ORF48",0,0,0,0,1,0,0
"C4B",0,0,0,0,1,0,0
"CA12",0,0,0,0,1,0,0
"CBS",0,0,0,0,1,0,0
"CEL",0,0,0,0,1,0,0
"CELA2A",0,0,0,0,1,0,0
"CELA3A",0,0,0,0,1,0,0
"CELA3B",0,0,0,0,1,0,0
"CLPS",0,0,0,0,1,0,0
"CPA1",0,0,0,0,1,0,0
"CPA2",0,0,0,0,1,0,0
"CPB1",0,0,0,0,1,0,0
"CTRB1",0,0,0,0,1,0,0
"CTRB2",0,0,0,0,1,0,0
"CTRC",0,0,0,0,1,0,0
"CTRL",0,0,0,0,1,0,0
"CUZD1",0,0,0,0,1,0,0
"CXCL17",0,0,0,0,1,0,0
"DPEP1",0,0,0,0,1,0,0
"DUOX2",0,0,0,0,1,0,0
"DUOXA2",0,0,0,0,1,0,0
"ECE2",0,0,0,0,1,0,0
"EFHD2",0,0,0,0,1,0,0
"ERP27",0,0,0,0,1,0,0
"FGL1",0,0,0,0,1,0,0
"GALNT7",0,0,0,0,1,0,0
"GNL3",0,0,0,0,1,0,0
"GP2",0,0,0,0,1,0,0
"GPT2",0,0,0,0,1,0,0
"GSTA1",0,0,0,0,1,0,0
"GSTA2",0,0,0,0,1,0,0
"HAMP",0,0,0,0,1,0,0
"IL32",0,0,0,0,1,0,0
"KCTD14",0,0,0,0,1,0,0
"KLK1",0,0,0,0,1,0,0
"LGALS2",0,0,0,0,1,0,0
"LYZ",0,0,0,0,1,0,0
"MAT1A",0,0,0,0,1,0,0
"MGST1",0,0,0,0,1,0,0
"MUC1",0,0,0,0,1,0,0
"NFKBIA",0,0,0,0,1,0,0
"NUPR1",0,0,0,0,1,0,0
"PDIA2",0,0,0,0,1,0,0
"PLA2G1B",0,0,0,0,1,0,0
"PLTP",0,0,0,0,1,0,0
"PNLIP",0,0,0,0,1,0,0
"PNLIPRP1",0,0,0,0,1,0,0
"PNLIPRP2",0,0,0,0,1,0,0
"PPIF",0,0,0,0,1,0,0
"PRSS1",0,0,0,0,1,0,0
"PRSS2",0,0,0,0,1,0,0
"PRSS3",0,0,0,0,1,0,0
"PRSS3P2",0,0,0,0,1,0,0
"PSAT1",0,0,0,0,1,0,0
"PTGR1",0,0,0,0,1,0,0
"RARRES2",0,0,0,0,1,0,0
"REG1A",0,0,0,0,1,0,0
"REG1B",0,0,0,0,1,0,0
"REG3A",0,0,0,0,1,0,0
"REG3G",0,0,0,0,1,0,0
"RNASE1",0,0,0,0,1,0,0
"SDC4",0,0,0,0,1,0,0
"SERPINA4",0,0,0,0,1,0,0
"SERPINI2",0,0,0,0,1,0,0
"SGK1",0,0,0,0,1,0,0
"SLC25A37",0,0,0,0,1,0,0
"SLC38A5",0,0,0,0,1,0,0
"SLC39A5",0,0,0,0,1,0,0
"SLC43A1",0,0,0,0,1,0,0
"SOD2",0,0,0,0,1,0,0
"SPINK1",0,0,0,0,1,0,0
"SYCN",0,0,0,0,1,0,0
"TIFA",0,0,0,0,1,0,0
"TMEM97",0,0,0,0,1,0,0
"TMPRSS2",0,0,0,0,1,0,0
"TPD52L1",0,0,0,0,1,0,0
"TPST2",0,0,0,0,1,0,0
"TRIB2",0,0,0,0,1,0,0
"UGDH",0,0,0,0,1,0,0
"YBX3",0,0,0,0,1,0,0
"ZDHHC9",0,0,0,0,1,0,0
"ADORA2A",1,0,0,0,0,0,0
"ARRDC4",1,0,0,0,0,0,0
"ASPH",1,0,0,0,0,0,0
"ASXL3",1,0,0,0,0,0,0
"ATG7",1,0,0,0,0,0,0
"ATL2",1,0,0,0,0,0,0
"BAZ2B",1,0,0,0,0,0,0
"BSCL2",1,0,0,0,0,0,0
"C11ORF24",1,0,0,0,0,0,0
"C21ORF58",1,0,0,0,0,0,0
"CAMK2G",1,0,0,0,0,0,0
"CD36",1,0,0,0,0,0,0
"CDS2",1,0,0,0,0,0,0
"CERCAM",1,0,0,0,0,0,0
"CLU",1,0,0,0,0,0,0
"DPP4",1,0,0,0,0,0,0
"EGFEM1P",1,0,0,0,0,0,0
"EGFL7",1,0,0,0,0,0,0
"ELL2",1,0,0,0,0,0,0
"EPG5",1,0,0,0,0,0,0
"EPHX2",1,0,0,0,0,0,0
"ETFDH",1,0,0,0,0,0,0
"F10",1,0,0,0,0,0,0
"FADS2",1,0,0,0,0,0,0
"FAM110B",1,0,0,0,0,0,0
"FAP",1,0,0,0,0,0,0
"FGF12",1,0,0,0,0,0,0
"FSTL5",1,0,0,0,0,0,0
"FXYD5",1,0,0,0,0,0,0
"GADD45G",1,0,0,0,0,0,0
"GC",1,0,0,0,0,0,0
"GCG",1,0,0,0,0,0,0
"GLS",1,0,0,0,0,0,0
"GPR119",1,0,0,0,0,0,0
"GRIA3",1,0,0,0,0,0,0
"HIGD1A",1,0,0,0,0,0,0
"HMGB2",1,0,0,0,0,0,0
"HNRNPA3",1,0,0,0,0,0,0
"HPS1",1,0,0,0,0,0,0
"HSD17B14",1,0,0,0,0,0,0
"HTR1F",1,0,0,0,0,0,0
"ITPK1",1,0,0,0,0,0,0
"KCNMA1",1,0,0,0,0,0,0
"KL",1,0,0,0,0,0,0
"KPNA6",1,0,0,0,0,0,0
"MBOAT2",1,0,0,0,0,0,0
"MCOLN3",1,0,0,0,0,0,0
"MLLT11",1,0,0,0,0,0,0
"MRC1",1,0,0,0,0,0,0
"MYBPHL",1,0,0,0,0,0,0
"NAA20",1,0,0,0,0,0,0
"OGT",1,0,0,0,0,0,0
"PALLD",1,0,0,0,0,0,0
"PDE4DIP",1,0,0,0,0,0,0
"PDZK1",1,0,0,0,0,0,0
"PLOD2",1,0,0,0,0,0,0
"PMM1",1,0,0,0,0,0,0
"PNISR",1,0,0,0,0,0,0
"POPDC3",1,0,0,0,0,0,0
"PRKCE",1,0,0,0,0,0,0
"PTPN2",1,0,0,0,0,0,0
"RAB3C",1,0,0,0,0,0,0
"RSAD2",1,0,0,0,0,0,0
"SETD2",1,0,0,0,0,0,0
"SGCZ",1,0,0,0,0,0,0
"SLC38A4",1,0,0,0,0,0,0
"SORT1",1,0,0,0,0,0,0
"SPATC1L",1,0,0,0,0,0,0
"SPOCK3",1,0,0,0,0,0,0
"SRBD1",1,0,0,0,0,0,0
"SREK1",1,0,0,0,0,0,0
"STARD3",1,0,0,0,0,0,0
"TBC1D30",1,0,0,0,0,0,0
"TMCO3",1,0,0,0,0,0,0
"TMEM236",1,0,0,0,0,0,0
"TTC39A",1,0,0,0,0,0,0
"TTR",1,0,0,0,0,0,0
"UBQLN1",1,0,0,0,0,0,0
"UQCC1",1,0,0,0,0,0,0
"VGF",1,0,0,0,0,0,0
"WDR37",1,0,0,0,0,0,0
"YIPF2",1,0,0,0,0,0,0
"ABI2",0,1,0,0,0,0,0
"ADCYAP1",0,1,0,0,0,0,0
"ALCAM",0,1,0,0,0,0,0
"ALOX5",0,1,0,0,0,0,0
"AP3B1",0,1,0,0,0,0,0
"APCDD1L",0,1,0,0,0,0,0
"APLP2",0,1,0,0,0,0,0
"ATP2A3",0,1,0,0,0,0,0
"C1ORF127",0,1,0,0,0,0,0
"CADM1",0,1,0,0,0,0,0
"CAPN13",0,1,0,0,0,0,0
"CASR",0,1,0,0,0,0,0
"CD72",0,1,0,0,0,0,0
"CDH18",0,1,0,0,0,0,0
"CDK5R1",0,1,0,0,0,0,0
"CGRRF1",0,1,0,0,0,0,0
"CNTN4",0,1,0,0,0,0,0
"CSDE1",0,1,0,0,0,0,0
"CTSV",0,1,0,0,0,0,0
"CYP2U1",0,1,0,0,0,0,0
"CYYR1",0,1,0,0,0,0,0
"EDARADD",0,1,0,0,0,0,0
"EFCAB14",0,1,0,0,0,0,0
"ELMO1",0,1,0,0,0,0,0
"ELOVL4",0,1,0,0,0,0,0
"ENPP4",0,1,0,0,0,0,0
"ENTPD3",0,1,0,0,0,0,0
"FAM222A",0,1,0,0,0,0,0
"FAM76A",0,1,0,0,0,0,0
"FFAR1",0,1,0,0,0,0,0
"G6PC2",0,1,0,0,0,0,0
"GCC1",0,1,0,0,0,0,0
"GNAS",0,1,0,0,0,0,0
"GPM6A",0,1,0,0,0,0,0
"GPSM1",0,1,0,0,0,0,0
"GREM1",0,1,0,0,0,0,0
"GUSB",0,1,0,0,0,0,0
"GYG1",0,1,0,0,0,0,0
"HSPD1",0,1,0,0,0,0,0
"IAPP",0,1,0,0,0,0,0
"IGF2",0,1,0,0,0,0,0
"INS",0,1,0,0,0,0,0
"KLHDC8A",0,1,0,0,0,0,0
"LGMN",0,1,0,0,0,0,0
"LRRTM3",0,1,0,0,0,0,0
"MAFA",0,1,0,0,0,0,0
"MRAP2",0,1,0,0,0,0,0
"MTSS1",0,1,0,0,0,0,0
"MXRA7",0,1,0,0,0,0,0
"NECAB1",0,1,0,0,0,0,0
"NKX6-1",0,1,0,0,0,0,0
"NMRK1",0,1,0,0,0,0,0
"NTPCR",0,1,0,0,0,0,0
"OXLD1",0,1,0,0,0,0,0
"PIGV",0,1,0,0,0,0,0
"PIK3IP1",0,1,0,0,0,0,0
"RAPH1",0,1,0,0,0,0,0
"RASA4",0,1,0,0,0,0,0
"RASA4B",0,1,0,0,0,0,0
"RASGRF1",0,1,0,0,0,0,0
"RGS16",0,1,0,0,0,0,0
"RNF130",0,1,0,0,0,0,0
"ROBO2",0,1,0,0,0,0,0
"RRAGB",0,1,0,0,0,0,0
"RRNAD1",0,1,0,0,0,0,0
"SALL2",0,1,0,0,0,0,0
"SCD5",0,1,0,0,0,0,0
"SEMA5A",0,1,0,0,0,0,0
"SFTPA1",0,1,0,0,0,0,0
"SGCB",0,1,0,0,0,0,0
"SGK3",0,1,0,0,0,0,0
"SIAH1",0,1,0,0,0,0,0
"SLC25A34",0,1,0,0,0,0,0
"SLC30A8",0,1,0,0,0,0,0
"SLC43A2",0,1,0,0,0,0,0
"SOCS2",0,1,0,0,0,0,0
"SORL1",0,1,0,0,0,0,0
"SRD5A1",0,1,0,0,0,0,0
"SUSD4",0,1,0,0,0,0,0
"TBCC",0,1,0,0,0,0,0
"TDRP",0,1,0,0,0,0,0
"TERF2IP",0,1,0,0,0,0,0
"TMEM37",0,1,0,0,0,0,0
"TSPAN1",0,1,0,0,0,0,0
"VAT1L",0,1,0,0,0,0,0
"WNT4",0,1,0,0,0,0,0
"WSCD2",0,1,0,0,0,0,0
"ZNF441",0,1,0,0,0,0,0
"ZNF776",0,1,0,0,0,0,0
"SST",0,0,1,0,0,0,0
"PROM1",0,0,0,0,0,1,0
"THY1",0,0,0,0,0,0,1
"PPY",0,0,0,1,0,0,0
"NIBAN1",0,0,0,0,1,0,0
"AKAIN1",1,0,0,0,0,0,0
"SMIM24",1,0,0,0,0,0,0
"ABHD18",1,0,0,0,0,0,0
"SLF2",1,0,0,0,0,0,0
"TENT5A",1,0,0,0,0,0,0
"LRATD1",1,0,0,0,0,0,0
"SNU13",1,0,0,0,0,0,0
"PLAAT3",1,0,0,0,0,0,0
"URB1-AS1",0,1,0,0,0,0,0
"ERO1B",0,1,0,0,0,0,0
