"","Endothelial Cell","Podocyte","Monocyte","Tubule Cell","Collecting Duct Principal Cell","Collecting Duct Intercalated Cell","Collecting Duct Transient Cell","Fibroblast","Granulocyte","B Cell","T Cell","Killer Cell","Cortical Cell","Medullary Cell","Mesangial Cell","Thick Ascending Limb Of The Loop Of Henle","Ureteric Epithelium Cell","Epithelial Cell"
"TCIM",1,0,0,0,0,0,0,0,0,0,0,0,0,0,0,0,0,0
"GARRE1",1,0,0,0,0,0,0,0,0,0,0,0,0,0,0,0,0,0
"ACER2",1,0,0,0,0,0,0,0,0,0,0,0,0,0,0,0,0,0
"ACVRL1",1,0,0,0,0,0,0,0,0,0,0,0,0,0,0,0,0,0
"ADAM15",1,0,0,0,0,0,0,0,0,0,0,0,0,0,0,0,0,0
"ADAMTS5",1,0,0,0,0,0,0,0,0,0,0,0,0,0,1,0,0,0
"ADGRL2",1,0,0,0,0,0,0,0,0,0,0,0,0,0,0,0,0,0
"ADGRL4",1,0,0,0,0,0,0,0,0,0,0,0,0,0,0,0,0,0
"AMOTL1",1,0,0,0,0,0,0,0,0,0,0,0,0,0,0,0,0,0
"APBB2",1,0,0,0,0,0,0,0,0,0,0,0,0,0,1,0,0,0
"AQP1",1,0,0,0,0,0,0,0,0,0,0,0,0,0,0,0,0,0
"ARGLU1",1,0,0,0,0,0,0,0,0,0,0,0,0,0,0,0,0,0
"ARHGAP31",1,0,0,0,0,0,0,0,0,0,0,0,0,0,0,0,0,0
"ARHGEF15",1,0,0,0,0,0,0,0,0,0,0,0,0,0,0,0,0,0
"ARID5B",1,0,0,0,0,0,0,0,0,0,0,0,0,0,1,0,0,0
"ATP13A3",1,0,0,0,0,0,0,0,0,0,0,0,0,0,0,0,0,0
"AU021092",1,0,0,0,0,0,0,0,0,0,0,0,0,0,0,0,0,0
"BMPR2",1,0,0,0,0,0,0,0,0,0,0,0,0,0,0,0,0,0
"BVHT",1,0,0,0,0,0,0,0,0,0,0,0,0,0,0,0,0,0
"CALCRL",1,0,0,0,0,0,0,0,0,0,0,0,0,0,0,0,0,0
"CALD1",1,0,0,0,0,0,0,0,0,0,0,0,0,0,1,0,0,0
"CASKIN2",1,0,0,0,0,0,0,0,0,0,0,0,0,0,0,0,0,0
"CCDC85B",1,0,0,0,0,0,0,0,0,0,0,0,0,0,0,0,0,0
"CD200",1,0,0,0,0,0,0,0,0,0,0,0,0,0,1,0,0,0
"CD24A",1,0,0,0,1,0,0,0,0,0,0,0,0,1,0,0,0,1
"CD300LG",1,0,0,0,0,0,0,0,0,0,0,0,0,0,0,0,0,0
"CD34",1,0,0,0,0,0,0,0,0,0,0,0,0,0,0,0,0,0
"CD38",1,0,0,0,0,0,0,0,0,0,0,0,0,0,0,0,0,0
"CD93",1,0,0,0,0,0,0,0,0,0,0,0,0,0,0,0,0,0
"CDC42EP2",1,0,0,0,0,0,0,0,0,0,0,0,0,0,0,0,0,0
"CDH5",1,0,0,0,0,0,0,0,0,0,0,0,0,0,0,0,0,0
"CDKN1A",1,0,0,0,0,0,0,0,0,0,0,0,0,0,0,0,0,0
"CLDN15",1,0,0,0,0,0,0,0,0,0,0,0,0,0,0,0,0,0
"CLEC14A",1,0,0,0,0,0,0,0,0,0,0,0,0,0,0,0,0,0
"CLEC1A",1,0,0,0,0,0,0,0,0,0,0,0,0,0,0,0,0,0
"CLEC2D",1,0,0,0,0,0,0,0,0,0,0,0,0,0,0,0,0,0
"CLIC4",1,0,0,0,0,0,0,0,0,0,0,0,0,0,0,0,0,0
"CMTM8",1,0,0,0,0,0,0,0,0,0,0,0,0,0,0,0,0,0
"COL15A1",1,0,0,0,0,0,0,0,0,0,0,0,0,1,0,0,0,0
"COL4A1",1,0,0,0,0,0,0,0,0,0,0,0,0,1,1,0,0,0
"COL4A2",1,0,0,0,0,0,0,0,0,0,0,0,0,1,1,0,0,0
"CRACR2B",1,0,0,0,0,0,0,0,0,0,0,0,0,0,0,0,0,0
"CRIP2",1,0,0,0,0,0,0,0,0,0,0,0,0,0,1,0,0,0
"CTLA2A",1,0,0,0,0,0,0,0,0,0,0,0,0,0,0,0,0,0
"CX3CL1",1,0,0,0,0,0,0,0,0,0,0,0,0,0,0,0,0,0
"CYP20A1",1,0,0,0,0,0,0,0,0,0,0,0,0,0,0,0,0,0
"CYYR1",1,0,0,0,0,0,0,0,0,0,0,0,0,0,0,0,0,0
"DDAH2",1,0,0,0,0,0,0,0,0,0,0,0,0,0,0,0,0,0
"DDIT4L",1,0,0,0,0,0,0,0,0,0,0,0,0,0,0,0,0,0
"DKK2",1,0,0,0,0,0,0,0,0,0,0,0,0,0,1,0,0,0
"DLC1",1,0,0,0,0,0,0,0,0,0,0,0,0,0,0,0,0,0
"DLL4",1,0,0,0,0,0,0,0,0,0,0,0,0,0,0,0,0,0
"DOCK6",1,0,0,0,0,0,0,0,0,0,0,0,0,0,0,0,0,0
"DRAM1",1,0,0,0,0,0,0,0,0,0,0,0,0,0,0,0,0,0
"DUSP3",1,0,0,0,0,0,0,0,0,0,0,0,0,0,1,0,0,0
"ECE1",1,0,0,0,0,0,0,0,0,0,0,0,0,1,0,0,0,0
"ECSCR",1,0,0,0,0,0,0,0,0,0,0,0,0,0,0,0,0,0
"EDNRB",1,0,0,0,1,0,0,0,0,0,0,0,0,0,1,0,0,0
"EFNA1",1,0,0,0,0,0,0,0,0,0,0,0,0,0,0,0,0,0
"EFNB2",1,0,0,0,0,0,0,0,0,0,0,0,0,0,1,0,0,0
"EGFL7",1,0,0,0,0,0,0,0,0,0,0,0,0,0,0,0,0,0
"EHD3",1,0,0,0,0,0,0,0,0,0,0,0,0,0,0,0,0,0
"ELK3",1,0,0,0,0,0,0,0,0,0,0,0,0,0,0,0,0,0
"EMCN",1,0,0,0,0,0,0,0,0,0,0,0,0,0,0,0,0,0
"ENG",1,0,0,0,0,0,0,0,0,0,0,0,0,0,0,0,0,0
"ENHO",1,0,0,0,0,0,0,0,0,0,0,0,0,0,0,0,0,0
"EPAS1",1,0,0,0,0,0,0,0,0,0,0,0,0,0,1,0,0,0
"EPHB4",1,0,0,0,0,0,0,0,0,0,0,0,0,0,0,0,0,0
"ESAM",1,0,0,0,0,0,0,0,0,0,0,0,0,0,1,0,0,0
"EVA1B",1,0,0,0,0,0,0,0,0,0,0,0,0,0,0,0,0,0
"EXOC3L2",1,0,0,0,0,0,0,0,0,0,0,0,0,0,0,0,0,0
"F2R",1,0,0,0,0,0,0,0,0,0,0,0,0,0,1,0,0,0
"F8",1,0,0,0,0,0,0,0,0,0,0,0,0,0,0,0,0,0
"FABP4",1,0,0,0,0,0,0,0,0,0,0,0,0,0,0,0,0,0
"FAM110A",1,0,0,0,0,0,0,0,0,0,0,0,0,0,0,0,0,0
"FAM117B",1,0,0,0,0,0,0,0,0,0,0,0,0,0,0,0,0,0
"FAM167B",1,0,0,0,0,0,0,0,0,0,0,0,0,0,0,0,0,0
"FAS",1,0,0,0,0,0,0,0,0,0,0,0,0,0,0,0,0,0
"FGD5",1,0,0,0,0,0,0,0,0,0,0,0,0,0,0,0,0,0
"FKBP1A",1,0,0,0,0,0,0,0,0,0,0,0,0,0,0,0,0,0
"FLT1",1,0,0,0,0,0,0,0,0,0,0,0,0,0,0,0,0,0
"GALNT18",1,0,0,0,0,0,0,0,0,0,0,0,0,0,0,0,0,0
"GCHFR",1,0,0,0,0,0,0,0,0,0,0,0,0,0,0,0,0,0
"GIMAP5",1,0,0,0,0,0,0,0,0,0,0,0,0,0,0,0,0,0
"GIMAP6",1,0,0,0,0,0,0,0,0,0,0,0,0,0,0,0,0,0
"GJA4",1,0,0,0,0,0,0,0,0,0,0,0,0,0,0,0,0,0
"GNG11",1,0,0,0,0,0,0,0,0,0,0,0,0,0,1,0,0,0
"GPIHBP1",1,0,0,0,0,0,0,0,0,0,0,0,0,0,0,0,0,0
"GRASP",1,0,0,0,0,0,0,0,0,0,0,0,0,0,0,0,0,0
"GRRP1",1,0,0,0,0,0,0,0,0,0,0,0,0,0,0,0,0,0
"GSTM1",1,0,0,0,0,0,0,0,0,0,0,0,0,0,0,0,0,0
"HECW2",1,0,0,0,0,0,0,0,0,0,0,0,0,0,0,0,0,0
"HEG1",1,0,0,0,0,0,0,0,0,0,0,0,0,0,0,0,0,0
"HSPB1",1,0,0,0,0,0,0,0,0,0,0,0,0,0,1,0,0,0
"HSPG2",1,0,0,0,0,0,0,0,0,0,0,0,0,0,0,0,0,0
"HYAL2",1,0,0,0,0,0,0,0,0,0,0,0,0,0,0,0,0,0
"ICAM2",1,0,0,0,0,0,0,0,0,0,0,0,0,0,0,0,0,0
"ID1",1,0,0,0,0,0,0,0,0,0,0,0,0,0,0,0,0,0
"ID3",1,0,0,0,1,0,0,0,0,0,0,0,0,0,0,0,0,0
"IFI44",1,0,0,0,0,0,0,0,0,0,0,0,0,0,0,0,0,0
"IGFBP5",1,0,0,0,0,0,0,0,0,0,0,0,0,0,0,0,0,0
"IMPDH1",1,0,0,0,0,0,0,0,0,0,0,0,0,0,0,0,0,0
"ITGA6",1,0,0,0,0,0,0,0,0,0,0,0,0,0,0,0,0,0
"ITPKB",1,0,0,0,0,0,0,0,0,0,0,0,0,0,0,0,0,0
"JAM3",1,0,0,0,0,0,0,0,0,0,0,0,0,0,0,0,0,0
"JUP",1,0,0,0,0,0,0,0,0,0,0,0,0,0,0,0,0,0
"KANK3",1,0,0,0,0,0,0,0,0,0,0,0,0,0,0,0,0,0
"KCTD12B",1,0,0,0,0,0,0,0,0,0,0,0,0,0,0,0,0,0
"KDR",1,0,0,0,0,0,0,0,0,0,0,0,0,0,0,0,0,0
"KLF7",1,0,0,0,0,0,0,0,0,0,0,0,0,0,1,0,0,0
"LDB2",1,0,0,0,0,0,0,0,0,0,0,0,0,1,0,0,0,0
"LGALS9",1,0,0,0,0,0,0,0,0,0,0,0,0,0,0,0,0,0
"LIFR",1,0,0,0,0,0,0,0,0,0,0,0,0,0,0,0,0,0
"LIMCH1",1,0,0,0,0,0,0,0,0,0,0,0,0,0,1,0,0,0
"LIMS2",1,0,0,0,0,0,0,0,0,0,0,0,0,0,0,0,0,0
"LMO2",1,0,0,0,0,0,0,0,0,0,0,0,0,0,0,0,0,0
"LRRC8A",1,0,0,0,0,0,0,0,0,0,0,0,0,0,0,0,0,0
"LRRC8C",1,0,0,0,0,0,0,0,0,0,0,0,0,0,0,0,0,0
"LTBP1",1,0,0,0,0,0,0,0,0,0,0,0,0,1,0,0,0,0
"LY6C1",1,0,0,0,0,0,0,0,0,0,0,0,0,0,0,0,0,0
"MARCKSL1",1,0,0,0,0,0,0,0,0,0,0,0,0,0,0,0,0,0
"MEIS2",1,0,0,0,0,0,0,0,0,0,0,0,0,0,0,0,0,0
"MGLL",1,0,0,0,0,0,0,0,0,0,0,0,0,1,0,0,0,0
"MMRN2",1,0,0,0,0,0,0,0,0,0,0,0,0,0,0,0,0,0
"MXD4",1,0,0,0,0,0,0,0,0,0,0,0,0,0,0,0,0,0
"MYCT1",1,0,0,0,0,0,0,0,0,0,0,0,0,0,0,0,0,0
"MYO1C",1,0,0,0,0,0,0,0,0,0,0,0,0,0,0,0,0,0
"NOSTRIN",1,0,0,0,0,0,0,0,0,0,0,0,0,0,1,0,0,0
"NOTCH1",1,0,0,0,0,0,0,0,0,0,0,0,0,0,0,0,0,0
"NPDC1",1,0,0,0,0,0,0,0,0,0,0,0,0,0,0,0,0,0
"NRP1",1,0,0,0,0,0,0,0,0,0,0,0,0,0,1,0,0,0
"OAZ2",1,0,0,0,0,0,0,0,0,0,0,0,0,0,1,0,0,0
"PBX1",1,0,0,0,0,0,0,0,0,0,0,0,0,0,0,0,0,0
"PCDH17",1,0,0,0,0,0,0,0,0,0,0,0,0,0,0,0,0,0
"PDE2A",1,0,0,0,0,0,0,0,0,0,0,0,0,0,0,0,0,0
"PDGFB",1,0,0,0,0,0,0,0,0,0,0,0,0,0,0,0,0,0
"PECAM1",1,0,0,0,0,0,0,0,0,0,0,0,0,0,0,0,0,0
"PI16",1,0,0,0,0,0,0,0,0,0,0,0,0,0,0,0,0,0
"PLAT",1,0,0,0,0,0,0,0,0,0,0,0,0,0,0,0,0,0
"PLCB1",1,0,0,0,0,0,0,0,0,0,0,0,0,1,0,0,0,0
"PLK2",1,0,0,0,0,0,0,0,0,0,0,0,0,0,1,0,0,0
"PLPP1",1,0,0,0,0,0,0,0,0,0,0,0,0,0,0,0,0,0
"PLPP3",1,0,0,0,0,0,0,0,0,0,0,0,0,0,0,0,0,0
"PLSCR1",1,0,0,0,0,0,0,0,0,0,0,0,0,0,0,0,0,0
"PLSCR2",1,0,0,0,0,0,0,0,0,0,0,0,0,0,1,0,0,0
"PLSCR4",1,0,0,0,0,0,0,0,0,0,0,0,0,0,0,0,0,0
"POLR3GL",1,0,0,0,0,0,0,0,0,0,0,0,0,0,0,0,0,0
"PREX2",1,0,0,0,0,0,0,0,0,0,0,0,0,0,1,0,0,0
"PTPRB",1,0,0,0,0,0,0,0,0,0,0,0,0,0,0,0,0,0
"PTPRG",1,0,0,0,0,0,0,0,0,0,0,0,0,0,0,0,0,0
"RAMP2",1,0,0,0,0,0,0,0,0,0,0,0,0,0,0,0,0,0
"RAMP3",1,0,0,0,0,0,0,0,0,0,0,0,0,0,0,0,0,0
"RAPGEF4",1,0,0,0,0,0,0,0,0,0,0,0,0,0,1,0,0,0
"RAPH1",1,0,0,0,0,0,0,0,0,0,0,0,0,0,0,0,0,0
"RASGRP3",1,0,0,0,0,0,0,0,0,0,0,0,0,0,0,0,0,0
"RASIP1",1,0,0,0,0,0,0,0,0,0,0,0,0,0,0,0,0,0
"RBMS1",1,0,0,0,0,0,0,0,0,0,0,0,0,0,0,0,0,0
"RDX",1,0,0,0,0,0,0,0,0,0,0,0,0,0,0,0,0,0
"RHOB",1,0,0,0,0,0,0,0,0,0,0,0,0,0,0,0,0,0
"RHOC",1,0,0,0,0,0,0,0,0,0,0,0,0,0,0,0,0,0
"RHOJ",1,0,0,0,0,0,0,0,0,0,0,0,0,1,0,0,0,0
"RSAD2",1,0,0,0,0,0,0,0,0,0,0,0,0,0,0,0,0,0
"S100A16",1,0,0,0,0,0,0,0,0,0,0,0,0,0,0,0,0,0
"S1PR1",1,0,0,0,0,0,0,0,0,0,0,0,0,0,0,0,0,0
"SASH1",1,0,0,0,0,0,0,0,0,0,0,0,0,0,0,0,0,0
"SEMA6A",1,0,0,0,0,0,0,0,0,0,0,0,0,0,0,0,0,0
"SERPINH1",1,0,0,0,0,0,0,0,0,0,0,0,0,0,0,0,0,0
"SGK1",1,0,0,0,1,1,0,0,0,0,0,0,0,0,0,0,0,0
"SH3BP5",1,0,0,0,0,0,0,0,0,0,0,0,0,0,0,0,0,0
"SHE",1,0,0,0,0,0,0,0,0,0,0,0,0,0,0,0,0,0
"SLC43A3",1,0,0,0,0,0,0,0,0,0,0,0,0,0,0,0,0,0
"SLC6A6",1,0,0,0,0,0,0,0,0,0,0,0,0,0,1,0,0,0
"SLCO2A1",1,0,0,0,0,0,0,0,0,0,0,0,0,0,0,0,0,0
"SLFN5",1,0,0,0,0,0,0,0,0,0,0,0,0,0,0,0,0,0
"SMAD6",1,0,0,0,0,0,0,0,0,0,0,0,0,0,0,0,0,0
"SNCG",1,0,0,0,0,0,0,0,0,0,0,0,0,0,0,0,0,0
"SNRK",1,0,0,0,0,0,0,0,0,0,0,0,0,0,0,0,0,0
"SOX17",1,0,0,0,0,0,0,0,0,0,0,0,0,0,0,0,0,0
"SOX18",1,0,0,0,0,0,0,0,0,0,0,0,0,0,0,0,0,0
"SPARCL1",1,0,0,0,0,0,0,0,0,0,0,0,0,0,1,0,0,0
"SPTBN1",1,0,0,0,0,0,0,0,0,0,0,0,0,0,1,0,0,0
"STMN2",1,0,0,0,0,0,0,0,0,0,0,0,0,0,0,0,0,0
"SULT1A1",1,0,0,0,0,0,0,0,0,0,0,0,0,0,0,0,0,0
"SYPL",1,0,0,0,0,0,0,0,0,0,0,0,0,0,0,0,0,0
"TBX3",1,0,0,0,1,0,0,0,0,0,0,0,0,1,0,0,0,0
"TCF4",1,0,0,0,0,0,0,0,0,0,0,0,0,0,0,0,0,0
"TEK",1,0,0,0,0,0,0,0,0,0,0,0,0,0,0,0,0,0
"TGFBR2",1,0,0,0,0,0,0,0,0,0,0,0,0,0,0,0,0,0
"THBD",1,0,0,0,0,0,0,0,0,0,0,0,0,0,0,0,0,0
"TIE1",1,0,0,0,0,0,0,0,0,0,0,0,0,0,0,0,0,0
"TIMP3",1,0,0,0,0,0,0,0,0,0,0,0,0,1,0,0,0,0
"TINAGL1",1,0,0,0,0,1,0,0,0,0,0,0,0,0,1,0,0,0
"TMBIM1",1,0,0,0,0,0,0,0,0,0,0,0,0,0,0,0,0,0
"TMEM204",1,0,0,0,0,0,0,0,0,0,0,0,0,0,0,0,0,0
"TMEM26",1,0,0,0,0,0,0,0,0,0,0,0,0,0,0,0,0,0
"TMEM88",1,0,0,0,0,0,0,0,0,0,0,0,0,0,0,0,0,0
"TNFAIP1",1,0,0,0,0,0,0,0,0,0,0,0,0,0,0,0,0,0
"TRIM47",1,0,0,0,0,0,0,0,0,0,0,0,0,0,0,0,0,0
"TSPAN7",1,0,0,0,0,0,0,0,0,0,0,0,0,0,0,0,0,0
"UNC45B",1,0,0,0,0,0,0,0,0,0,0,0,0,0,0,0,0,0
"USHBP1",1,0,0,0,0,0,0,0,0,0,0,0,0,0,0,0,0,0
"VDAC3",1,0,0,0,0,0,0,0,0,0,0,0,0,0,0,0,0,0
"XIAP",1,0,0,0,0,0,0,0,0,0,0,0,0,0,0,0,0,0
"ZEB1",1,0,0,0,0,0,0,0,0,0,0,0,0,0,0,0,0,0
"1110065P20RIK",0,1,0,0,0,0,0,0,0,0,0,0,0,0,0,0,0,0
"1810037I17RIK",0,1,0,0,0,0,0,0,0,0,0,0,0,0,0,0,0,0
"2810433D01RIK",0,1,0,0,0,0,0,0,0,0,0,0,0,0,0,0,0,0
"AAMP",0,1,0,0,0,0,0,0,0,0,0,0,0,0,0,0,0,0
"ABCA2",0,1,0,0,0,0,0,0,0,0,0,0,0,0,0,0,0,0
"ACPP",0,1,0,0,0,0,0,0,0,0,0,0,0,0,0,0,0,0
"ACTN4",0,1,0,0,0,0,0,0,0,0,0,0,0,0,1,0,0,0
"ADCY1",0,1,0,0,0,0,0,0,0,0,0,0,0,0,0,0,0,0
"ADM",0,1,0,0,0,0,0,0,0,0,0,0,0,0,0,0,0,0
"AEBP1",0,1,0,0,0,0,0,0,0,0,0,0,0,0,0,0,0,0
"AK1",0,1,0,0,0,0,0,0,0,0,0,0,0,0,0,0,0,0
"ANGPTL2",0,1,0,0,0,0,0,0,0,0,0,0,0,0,0,0,0,0
"ANXA3",0,1,0,0,0,0,0,0,0,0,0,0,0,0,0,0,0,0
"APLP1",0,1,0,0,0,0,0,0,0,0,0,0,0,0,0,0,0,0
"ARAF",0,1,0,0,0,0,0,0,0,0,0,0,0,0,0,0,0,0
"ARHGAP28",0,1,0,0,0,0,0,0,0,0,0,0,0,0,0,0,0,0
"ARHGEF16",0,1,0,0,0,0,0,0,0,0,0,0,0,0,0,0,0,0
"ARHGEF17",0,1,0,0,0,0,0,0,0,0,0,0,0,0,0,0,0,0
"ARHGEF18",0,1,0,0,0,0,0,0,0,0,0,0,0,0,0,0,0,0
"ARL2",0,1,0,0,0,0,0,0,0,0,0,0,0,0,0,0,0,0
"ARL4D",0,1,0,0,0,0,0,0,0,0,0,0,0,0,0,0,0,0
"ARVCF",0,1,0,0,0,0,0,0,0,0,0,0,0,0,0,0,0,0
"B3GALT2",0,1,0,0,0,0,0,0,0,0,0,0,0,0,0,0,0,0
"BCAM",0,1,0,0,0,0,0,0,0,0,0,0,0,0,1,0,0,0
"C1QTNF1",0,1,0,0,0,0,0,0,0,0,0,0,0,0,0,0,0,0
"C1QTNF7",0,1,0,0,0,0,0,0,0,0,0,0,0,0,0,0,0,0
"CADM4",0,1,0,0,0,0,0,0,0,0,0,0,0,0,0,0,0,0
"CALM2",0,1,0,0,0,0,0,0,0,0,0,0,0,0,0,0,0,0
"CARD10",0,1,0,0,0,0,0,0,0,0,0,0,0,0,0,0,0,0
"CD151",0,1,0,0,0,0,0,0,0,0,0,0,0,0,1,0,0,0
"CD2AP",0,1,0,0,0,0,0,0,0,0,0,0,0,0,0,0,0,0
"CD59A",0,1,0,0,0,0,0,0,0,0,0,0,0,0,0,0,0,0
"CD59B",0,1,0,0,0,0,0,0,0,0,0,0,0,0,0,0,0,0
"CD81",0,1,0,0,0,0,0,0,0,0,0,0,0,0,0,0,0,0
"CDC14A",0,1,0,0,0,0,0,0,0,0,0,0,0,0,0,0,0,0
"CDKN1C",0,1,0,0,0,0,0,0,0,0,0,0,0,1,0,0,0,0
"CHST1",0,1,0,0,0,0,0,0,0,0,0,0,0,0,0,0,0,0
"CLDN5",0,1,0,0,0,0,0,0,0,0,0,0,0,0,0,0,0,0
"CLIC3",0,1,0,0,0,0,0,0,0,0,0,0,0,0,0,0,0,0
"CLIC5",0,1,0,0,0,0,0,0,0,0,0,0,0,0,0,0,0,0
"CMTM7",0,1,0,0,0,0,0,0,0,0,0,0,0,0,0,0,0,0
"COL1A2",0,1,0,0,0,0,0,0,0,0,0,0,0,1,0,0,0,0
"COL4A3",0,1,0,0,0,0,0,0,0,0,0,0,0,0,0,0,0,0
"COL4A4",0,1,0,0,0,0,0,0,0,0,0,0,0,0,0,0,0,0
"COL4A5",0,1,0,0,0,0,0,0,0,0,0,0,0,0,0,0,0,0
"COMMD6",0,1,0,0,0,0,0,0,0,0,0,0,0,0,0,0,0,0
"CORO2B",0,1,0,0,0,0,0,0,0,0,0,0,0,0,0,0,0,0
"CPQ",0,1,0,0,0,0,0,0,0,0,0,0,0,1,0,0,0,0
"CRB2",0,1,0,0,0,0,0,0,0,0,0,0,0,0,0,0,0,0
"CREB3L2",0,1,0,0,0,0,0,0,0,0,0,0,0,0,0,0,0,0
"CRTC1",0,1,0,0,0,0,0,0,0,0,0,0,0,0,0,0,0,0
"CRYAB",1,1,0,0,1,0,0,0,0,0,0,0,0,0,0,0,0,1
"CTNNAL1",0,1,0,0,0,0,0,0,0,0,0,0,0,0,0,0,0,0
"CTSL",0,1,0,0,0,0,0,0,0,0,0,0,0,1,0,0,0,0
"CTTNBP2",0,1,0,0,0,0,0,0,0,0,0,0,0,0,0,0,0,0
"DAAM2",0,1,0,0,0,0,0,0,0,0,0,0,0,0,0,0,0,0
"DACH1",0,1,0,0,0,0,0,0,0,0,0,0,0,0,0,0,0,0
"DAG1",0,1,0,0,0,0,0,0,0,0,0,0,0,0,1,0,0,0
"DCDC2A",0,1,0,0,0,0,0,0,0,0,0,0,0,0,0,0,0,0
"DDN",0,1,0,0,0,0,0,0,0,0,0,0,0,0,0,0,0,0
"DEGS1",0,1,0,0,0,0,0,0,0,0,0,0,0,0,0,0,0,0
"DERL2",0,1,0,0,0,0,0,0,0,0,0,0,0,0,0,0,0,0
"DNASE1L1",0,1,0,0,0,0,0,0,0,0,0,0,0,0,0,0,0,0
"DOCK5",0,1,0,0,0,0,0,0,0,0,0,0,0,0,0,0,0,0
"DPP4",0,1,0,0,0,0,0,0,0,0,0,0,0,0,0,0,0,0
"DPYSL2",0,1,0,0,0,0,0,0,0,0,0,0,0,0,0,0,0,0
"EFNB1",0,1,0,0,0,0,0,0,0,0,0,0,0,0,0,0,0,0
"EHD2",0,1,0,0,0,0,0,0,0,0,0,0,0,0,0,0,0,0
"EIF3M",0,1,0,0,0,0,0,0,0,0,0,0,0,0,0,0,0,0
"EMC2",0,1,0,0,0,0,0,0,0,0,0,0,0,0,0,0,0,0
"EMC7",0,1,0,0,0,0,0,0,0,0,0,0,0,0,0,0,0,0
"EML2",0,1,0,0,0,0,0,0,0,0,0,0,0,0,0,0,0,0
"ENPEP",0,1,0,0,0,0,0,0,0,0,0,0,0,1,0,0,0,0
"EPHX1",0,1,0,0,0,0,0,0,0,0,0,0,0,0,0,0,0,0
"FAT1",0,1,0,0,0,0,0,0,0,0,0,0,0,0,0,0,0,0
"FGFBP1",0,1,0,0,0,0,0,0,0,0,0,0,0,0,0,0,0,0
"FGFR1",0,1,0,0,0,0,0,0,0,0,0,0,0,0,0,0,0,0
"FNBP1L",0,1,0,0,0,0,0,0,0,0,0,0,0,0,0,0,0,0
"FNDC3B",0,1,0,0,0,0,0,0,0,0,0,0,0,0,0,0,0,0
"FOXC1",0,1,0,0,0,0,0,0,0,0,0,0,0,0,0,0,0,0
"FOXC2",0,1,0,0,0,0,0,0,0,0,0,0,0,0,0,0,0,0
"FOXD1",0,1,0,0,0,0,0,0,0,0,0,0,0,0,0,0,0,0
"FXYD6",0,1,0,0,0,0,0,0,0,0,0,0,0,0,0,0,0,0
"FZD2",0,1,0,0,0,0,0,0,0,0,0,0,0,0,0,0,0,0
"GADD45A",0,1,0,0,0,0,0,0,0,0,0,0,0,0,0,0,0,0
"GALNT10",0,1,0,0,0,0,0,0,0,0,0,0,0,0,0,0,0,0
"GAS1",0,1,0,0,0,0,0,0,0,0,0,0,0,0,0,0,0,0
"GGT5",0,1,0,0,0,0,0,0,0,0,0,0,0,0,0,0,0,0
"GINM1",0,1,0,0,0,0,0,0,0,0,0,0,0,0,0,0,0,0
"GLO1",0,1,0,0,0,0,0,0,0,0,0,0,0,0,0,0,0,0
"GLOD4",0,1,0,0,0,0,0,0,0,0,0,0,0,0,0,0,0,0
"GM266",0,1,0,0,0,0,0,0,0,0,0,0,0,0,0,0,0,0
"GOLIM4",0,1,0,0,0,0,0,0,0,0,0,0,0,0,0,0,0,0
"GPC1",0,1,0,0,0,0,0,0,0,0,0,0,0,0,0,0,0,0
"GPX8",0,1,0,0,0,0,0,0,0,0,0,0,0,0,0,0,0,0
"GSN",0,1,0,0,0,0,0,0,0,0,0,0,0,0,0,0,0,0
"GSTA4",0,1,0,0,0,0,0,0,0,0,0,0,0,0,0,0,0,0
"H2-Q6",0,1,0,0,0,0,0,0,0,0,0,0,0,0,0,0,0,0
"H2-Q7",0,1,0,0,0,0,0,0,0,0,0,0,0,0,0,0,0,0
"H2BC4",0,1,0,0,0,0,0,0,0,0,0,0,0,0,0,0,0,0
"HOXC6",0,1,0,0,0,0,0,0,0,0,0,0,0,0,0,0,0,0
"HOXC8",0,1,0,0,0,0,0,0,0,0,0,0,0,0,0,0,0,0
"HS3ST6",0,1,0,0,0,0,0,0,0,0,0,0,0,0,0,0,0,0
"HSPB8",0,1,0,0,0,0,0,0,0,0,0,0,0,0,0,0,0,0
"HTRA1",0,1,0,0,0,0,0,0,0,0,0,0,0,0,0,0,0,0
"IGFBP7",0,1,0,0,1,0,0,0,0,0,0,0,0,0,1,0,0,0
"ILDR2",0,1,0,0,0,0,0,0,0,0,0,0,0,0,0,0,0,0
"IQGAP2",0,1,0,0,0,0,0,0,0,0,0,0,0,0,0,0,0,0
"ITGA3",0,1,0,0,0,0,0,0,0,0,0,0,0,0,0,0,0,0
"ITGB1",0,1,0,0,0,0,0,0,0,0,0,0,0,0,0,0,0,0
"ITGB5",0,1,0,0,0,0,0,0,0,0,0,0,0,0,0,0,0,0
"ITM2B",0,1,0,0,0,1,0,0,0,0,0,0,0,0,0,0,0,0
"JTB",0,1,0,0,0,0,0,0,0,0,0,0,0,0,0,0,0,0
"KANK1",0,1,0,0,0,0,0,0,0,0,0,0,0,0,0,0,0,0
"KCNQ1OT1",0,1,0,0,0,0,0,0,0,0,0,0,0,0,0,0,0,0
"KRCC1",0,1,0,0,0,0,0,0,0,0,0,0,0,0,0,0,0,0
"LAGE3",0,1,0,0,0,0,0,0,0,0,0,0,0,0,0,0,0,0
"LAMB2",0,1,0,0,0,0,0,0,0,0,0,0,0,0,0,0,0,0
"LAPTM4A",0,1,0,0,0,0,0,0,0,0,0,0,0,0,0,0,0,0
"LOXL2",0,1,0,0,0,0,0,0,0,0,0,0,0,0,0,0,0,0
"LPIN2",0,1,0,0,0,0,0,0,0,0,0,0,0,0,0,0,0,0
"LRRC49",0,1,0,0,0,0,0,0,0,0,0,0,0,0,0,0,0,0
"LRRFIP1",0,1,0,0,0,0,0,0,0,0,0,0,0,0,0,0,0,0
"MAFB",0,1,0,0,0,0,0,0,0,0,0,0,0,0,0,0,0,0
"MAGI2",0,1,0,0,0,0,0,0,0,0,0,0,0,0,0,0,0,0
"MAN1A2",0,1,0,0,0,0,0,0,0,0,0,0,0,0,0,0,0,0
"MANBAL",0,1,0,0,0,0,0,0,0,0,0,0,0,0,0,0,0,0
"MAPT",0,1,0,0,0,0,0,0,0,0,0,0,0,0,0,0,0,0
"MARVELD1",0,1,0,0,0,0,0,0,0,0,0,0,0,0,0,0,0,0
"MAST4",0,1,0,0,0,0,0,0,0,0,0,0,0,0,0,0,0,0
"MED24",0,1,0,0,0,0,0,0,0,0,0,0,0,0,0,0,0,0
"MERTK",0,1,0,0,0,0,0,0,0,0,0,0,0,0,0,0,0,0
"METRNL",0,1,0,0,0,0,0,0,0,0,0,0,0,0,0,0,0,0
"MFGE8",0,1,0,0,0,0,0,0,0,0,0,0,0,0,1,0,0,0
"MGAT5",0,1,0,0,0,0,0,0,0,0,0,0,0,0,0,0,0,0
"MICU1",0,1,0,0,0,0,0,0,0,0,0,0,0,0,0,0,0,0
"MMP23",0,1,0,0,0,0,0,0,0,0,0,0,0,1,0,0,0,0
"MOB2",0,1,0,0,0,0,0,0,0,0,0,0,0,0,0,0,0,0
"MOCS2",0,1,0,0,0,0,0,0,0,0,0,0,0,0,0,0,0,0
"MPP5",0,1,0,0,0,0,0,0,0,0,0,0,0,0,0,0,0,0
"MRC2",0,1,0,0,0,0,0,0,0,0,0,0,0,0,0,0,0,0
"MTSS1",0,1,0,0,0,0,0,0,0,0,0,0,0,0,0,0,0,0
"MVP",0,1,0,0,0,0,0,0,0,0,0,0,0,0,0,0,0,0
"MXRA7",0,1,0,0,0,0,0,0,0,0,0,0,0,0,0,0,0,0
"MYL12A",0,1,0,0,0,0,0,0,0,0,0,0,0,0,0,0,0,0
"MYL6",0,1,0,0,0,0,0,0,0,0,0,0,0,0,1,0,0,0
"MYLK",0,1,0,0,0,0,0,0,0,0,0,0,0,1,1,0,0,0
"MYO1D",0,1,0,0,0,0,0,0,0,0,0,0,0,0,0,0,0,0
"MYO1E",0,1,0,0,0,0,0,0,0,0,0,0,0,0,0,0,0,0
"MYOF",0,1,0,0,0,0,0,0,0,0,0,0,0,0,0,0,0,0
"MYOM2",0,1,0,0,0,0,0,0,0,0,0,0,0,0,0,0,0,0
"MYZAP",0,1,0,0,0,0,0,0,0,0,0,0,0,0,0,0,0,0
"NAB2",0,1,0,0,0,0,0,0,0,0,0,0,0,0,0,0,0,0
"NBL1",0,1,0,0,0,0,0,0,0,0,0,0,0,0,0,0,0,0
"NEBL",0,1,0,0,0,0,0,0,0,0,0,0,0,0,0,0,0,0
"NENF",0,1,0,0,0,0,0,0,0,0,0,0,0,0,0,0,0,0
"NES",0,1,0,0,0,0,0,0,0,0,0,0,0,0,0,0,0,0
"NPEPL1",0,1,0,0,0,0,0,0,0,0,0,0,0,0,0,0,0,0
"NPHS1",0,1,0,0,0,0,0,0,0,0,0,0,0,0,0,0,0,0
"NPHS2",0,1,0,0,0,0,0,0,0,0,0,0,0,0,0,0,0,0
"NPR1",0,1,0,0,0,0,0,0,0,0,0,0,0,0,0,0,0,0
"NPR3",0,1,0,0,0,0,0,0,0,0,0,0,0,0,0,0,0,0
"NRADD",0,1,0,0,0,0,0,0,0,0,0,0,0,0,0,0,0,0
"NSF",0,1,0,0,0,0,0,0,0,0,0,0,0,0,0,0,0,0
"NTRK3",0,1,0,0,0,0,0,0,0,0,0,0,0,0,0,0,0,0
"NUPR1",0,1,0,0,0,0,0,0,0,0,0,0,0,0,0,0,0,0
"NXPH3",0,1,0,0,0,0,0,0,0,0,0,0,0,0,0,0,0,0
"OPTN",0,1,0,0,0,0,0,0,0,0,0,0,0,0,0,0,0,0
"ORMDL2",0,1,0,0,0,0,0,0,0,0,0,0,0,0,0,0,0,0
"P3H2",0,1,0,0,0,0,0,0,0,0,0,0,0,0,0,0,0,0
"PAK1",0,1,0,0,0,0,0,0,0,0,0,0,0,0,0,0,0,0
"PARD3B",0,1,0,0,0,0,0,0,0,0,0,0,0,0,0,0,0,0
"PARP4",0,1,0,0,0,0,0,0,0,0,0,0,0,0,0,0,0,0
"PARVA",0,1,0,0,0,0,0,0,0,0,0,0,0,0,0,0,0,0
"PBX2",0,1,0,0,0,0,0,0,0,0,0,0,0,0,0,0,0,0
"PCNP",0,1,0,0,0,0,0,0,0,0,0,0,0,0,0,0,0,0
"PCOLCE",0,1,0,0,0,0,0,0,0,0,0,0,0,1,0,0,0,0
"PDE10A",0,1,0,0,0,0,0,0,0,0,0,0,0,0,0,0,0,0
"PDE4B",0,1,0,0,0,0,0,0,0,0,0,0,0,0,0,0,0,0
"PDLIM2",0,1,0,0,0,0,0,0,0,0,0,0,0,0,0,0,0,0
"PDPN",0,1,0,0,0,0,0,0,0,0,0,0,0,0,0,0,0,0
"PDRG1",0,1,0,0,0,0,0,0,0,0,0,0,0,0,0,0,0,0
"PER1",0,1,0,0,0,0,0,0,0,0,0,0,0,0,0,0,0,0
"PHACTR4",0,1,0,0,0,0,0,0,0,0,0,0,0,0,0,0,0,0
"PKDCC",0,1,0,0,0,0,0,0,0,0,0,0,0,0,0,0,0,0
"PLCE1",0,1,0,0,0,0,0,0,0,0,0,0,0,0,0,0,0,0
"PLEKHG1",0,1,0,0,0,0,0,0,0,0,0,0,0,0,0,0,0,0
"PLEKHH2",0,1,0,0,0,0,0,0,0,0,0,0,0,0,0,0,0,0
"PLOD2",0,1,0,0,0,0,0,0,0,0,0,0,0,0,0,0,0,0
"PLXDC2",0,1,0,0,0,0,0,0,0,0,0,0,0,0,0,0,0,0
"PODXL",0,1,0,0,0,0,0,0,0,0,0,0,0,0,0,0,0,0
"PROS1",0,1,0,0,0,0,0,0,0,0,0,0,0,0,0,0,0,0
"PSMB5",0,1,0,0,0,0,0,0,0,0,0,0,0,0,0,0,0,0
"PSMC3",0,1,0,0,0,0,0,0,0,0,0,0,0,0,0,0,0,0
"PSMC5",0,1,0,0,0,0,0,0,0,0,0,0,0,0,0,0,0,0
"PTH1R",0,1,0,0,0,0,0,0,0,0,0,0,0,0,0,0,0,0
"PTPN14",0,1,0,0,0,0,0,0,0,0,0,0,0,0,0,0,0,0
"PTPRD",0,1,0,0,0,0,0,0,0,0,0,0,0,0,0,0,0,0
"PTPRO",0,1,0,0,0,0,0,0,0,0,0,0,0,0,0,0,0,0
"PTTG1IP",0,1,0,0,0,0,0,0,0,0,0,0,0,0,0,0,0,0
"PXDC1",0,1,0,0,0,0,0,0,0,0,0,0,0,0,0,0,0,0
"R3HDML",0,1,0,0,0,0,0,0,0,0,0,0,0,0,0,0,0,0
"RAB3B",0,1,0,0,0,0,0,0,0,0,0,0,0,0,0,0,0,0
"RABAC1",0,1,0,0,0,0,0,0,0,0,0,0,0,0,0,0,0,0
"RARRES1",0,1,0,0,0,0,0,0,0,0,0,0,0,0,0,0,0,0
"RASL11A",0,1,0,0,0,0,0,0,0,0,0,0,0,0,1,0,0,0
"RBPMS",0,1,0,0,0,0,0,0,0,0,0,0,0,0,1,0,0,0
"RHPN1",0,1,0,0,0,0,0,0,0,0,0,0,0,0,0,0,0,0
"RILPL1",0,1,0,0,0,0,0,0,0,0,0,0,0,0,0,0,0,0
"ROBO2",0,1,0,0,0,0,0,0,0,0,0,0,0,0,0,0,0,0
"RPS19BP1",0,1,0,0,0,0,0,0,0,0,0,0,0,0,0,0,0,0
"SBDS",0,1,0,0,0,0,0,0,0,0,0,0,0,0,0,0,0,0
"SDC2",0,1,0,0,0,0,0,0,0,0,0,0,0,1,0,0,0,0
"SDC4",0,1,0,0,0,0,0,0,0,0,0,0,0,0,0,0,0,1
"SEMA3E",0,1,0,0,0,0,0,0,0,0,0,0,0,0,0,0,0,0
"SEMA3G",0,1,0,0,0,0,0,0,0,0,0,0,0,0,0,0,0,0
"SEPTIN11",0,1,0,0,0,0,0,0,0,0,0,0,0,0,0,0,0,0
"SGIP1",0,1,0,0,0,0,0,0,0,0,0,0,0,0,0,0,0,0
"SH2D4A",0,1,0,0,0,0,0,0,0,0,0,0,0,0,0,0,0,0
"SHISA3",0,1,0,0,0,0,0,0,0,0,0,0,0,0,0,0,0,0
"SIVA1",0,1,0,0,0,0,0,0,0,0,0,0,0,0,0,0,0,0
"SLC31A2",0,1,0,0,0,0,0,0,0,0,0,0,0,0,0,0,0,0
"SLC48A1",0,1,0,0,0,0,0,0,0,0,0,0,0,0,0,0,0,0
"SMO",0,1,0,0,0,0,0,0,0,0,0,0,0,0,0,0,0,0
"SNRNP27",0,1,0,0,0,0,0,0,0,0,0,0,0,0,0,0,0,0
"SNX31",0,1,0,0,0,0,0,0,0,0,0,0,0,0,0,0,0,0
"SPARC",0,1,0,0,0,0,0,0,0,0,0,0,0,1,0,0,0,0
"SPEG",0,1,0,0,0,0,0,0,0,0,0,0,0,0,0,0,0,0
"SQSTM1",0,1,0,0,0,0,0,0,0,0,0,0,0,0,0,0,0,0
"SRGAP1",0,1,0,0,0,0,0,0,0,0,0,0,0,0,0,0,0,0
"SSBP2",0,1,0,0,0,0,0,0,0,0,0,0,0,0,0,0,0,0
"ST3GAL3",0,1,0,0,0,0,0,0,0,0,0,0,0,0,0,0,0,0
"ST3GAL6",0,1,0,0,0,0,0,0,0,0,0,0,0,0,0,0,0,0
"ST6GALNAC3",0,1,0,0,0,0,0,0,0,0,0,0,0,0,0,0,0,0
"ST6GALNAC6",0,1,0,0,0,0,0,0,0,0,0,0,0,0,0,0,0,0
"SULF1",0,1,0,0,0,0,0,0,0,0,0,0,0,0,0,0,0,0
"SYNPO",0,1,0,0,0,0,0,0,0,0,0,0,0,0,1,0,0,0
"TAX1BP3",0,1,0,0,0,0,0,0,0,0,0,0,0,0,0,0,0,0
"TCF21",0,1,0,0,0,0,0,0,0,0,0,0,0,1,0,0,0,0
"TDRD5",0,1,0,0,0,0,0,0,0,0,0,0,0,0,0,0,0,0
"THSD7A",0,1,0,0,0,0,0,0,0,0,0,0,0,0,0,0,0,0
"TIMP2",0,1,0,0,0,0,0,0,0,0,0,0,0,0,0,0,0,0
"TJP1",0,1,0,0,0,0,0,0,0,0,0,0,0,0,0,0,0,0
"TMED9",0,1,0,0,0,0,0,0,0,0,0,0,0,0,0,0,0,0
"TMEM108",0,1,0,0,0,0,0,0,0,0,0,0,0,0,0,0,0,0
"TMEM109",0,1,0,0,0,0,0,0,0,0,0,0,0,0,0,0,0,0
"TMEM150C",0,1,0,0,0,0,0,0,0,0,0,0,0,0,0,0,0,0
"TMEM159",0,1,0,0,0,0,0,0,0,0,0,0,0,0,0,0,0,0
"TMEM54",0,1,0,0,0,0,0,0,0,0,0,0,0,0,0,0,0,0
"TMOD3",0,1,0,0,0,0,0,0,0,0,0,0,0,0,0,0,0,0
"TNS2",0,1,0,0,0,0,0,0,0,0,0,0,0,0,1,0,0,0
"TOMM20",0,1,0,0,0,0,0,0,0,0,0,0,0,0,0,0,0,0
"TOP1MT",0,1,0,0,0,0,0,0,0,0,0,0,0,0,0,0,0,0
"TPM1",0,1,0,0,0,0,0,0,0,0,0,0,0,1,1,0,0,0
"TRIB2",0,1,0,0,0,0,0,0,0,0,0,0,0,0,0,0,0,0
"TSC22D1",0,1,0,0,0,0,0,0,0,0,0,0,0,0,0,0,0,0
"TSPAN13",0,1,0,0,0,0,0,0,0,0,0,0,0,0,0,0,0,0
"TSPAN15",0,1,0,0,0,0,0,0,0,0,0,0,0,0,0,0,0,0
"TUBB2B",0,1,0,0,0,0,0,0,0,0,0,0,0,0,0,0,0,0
"UACA",0,1,0,0,0,0,0,0,0,0,0,0,0,0,0,0,0,0
"UNC50",0,1,0,0,0,0,0,0,0,0,0,0,0,0,0,0,0,0
"VASN",0,1,0,0,0,0,0,0,0,0,0,0,0,0,0,0,0,0
"VEGFA",0,1,0,0,0,0,0,0,0,0,0,0,0,0,0,0,0,0
"WIF1",0,1,0,0,0,0,0,0,0,0,0,0,0,0,0,0,0,0
"WIPF3",0,1,0,0,0,0,0,0,0,0,0,0,0,0,0,0,0,0
"WSB2",0,1,0,0,0,0,0,0,0,0,0,0,0,0,0,0,0,0
"WT1",0,1,0,0,0,0,0,0,0,0,0,0,0,0,0,0,0,0
"YIPF1",0,1,0,0,0,0,0,0,0,0,0,0,0,0,0,0,0,0
"ZBTB7C",0,1,0,0,0,0,0,0,0,0,0,0,0,0,0,0,0,0
"ZBTB8A",0,1,0,0,0,0,0,0,0,0,0,0,0,0,0,0,0,0
"ZCRB1",0,1,0,0,0,0,0,0,0,0,0,0,0,0,0,0,0,0
"4833439L19RIK",0,0,1,0,0,0,0,0,0,0,0,0,0,0,0,0,0,0
"4931406C07RIK",0,0,0,1,0,0,0,0,0,0,0,0,0,0,0,0,0,0
"ACAA1B",0,0,0,1,0,0,0,0,0,0,0,0,0,0,0,0,0,0
"ACOX1",0,0,0,1,0,0,0,0,0,0,0,0,0,0,0,0,0,0
"ACOX3",0,0,0,1,0,0,0,0,0,0,0,0,0,0,0,0,0,0
"ACSM2",0,0,0,1,0,0,0,0,0,0,0,0,0,0,0,0,0,0
"ACY3",0,0,0,1,0,0,0,0,0,0,0,0,0,0,0,0,0,0
"AK4",0,0,0,1,0,0,0,0,0,0,0,0,0,0,0,0,0,0
"AKR1A1",0,0,0,1,0,0,0,0,0,0,0,0,0,0,0,0,0,0
"AKR1C21",0,0,0,1,0,0,0,0,0,0,0,0,0,0,0,0,0,0
"AKR7A5",0,0,0,1,0,0,0,0,0,0,0,0,0,0,0,0,0,0
"ALDH6A1",0,0,0,1,0,0,0,0,0,0,0,0,0,0,0,0,0,0
"ASL",0,0,0,1,0,0,0,0,0,0,0,0,0,0,0,0,0,0
"ASPDH",0,0,0,1,0,0,0,0,0,0,0,0,0,0,0,0,0,0
"ASS1",0,0,0,1,0,0,0,0,0,0,0,0,0,0,0,0,0,0
"BDH2",0,0,0,1,0,0,0,0,0,0,0,0,0,0,0,0,0,0
"CALML4",0,0,0,1,0,0,0,0,0,0,0,0,0,0,0,0,0,0
"CAR14",0,0,0,1,0,0,0,0,0,0,0,0,0,0,0,0,0,0
"CAT",0,0,0,1,0,0,0,0,0,0,0,0,0,0,0,0,0,0
"CCDC107",0,0,0,1,0,0,0,0,0,0,0,0,0,0,0,0,0,0
"CDA",0,0,0,1,0,0,0,0,0,0,0,0,0,0,0,0,0,0
"CELA1",0,0,0,1,0,0,0,0,0,0,0,0,0,0,0,0,0,0
"CES1D",0,0,0,1,0,0,0,0,0,0,0,0,0,0,0,0,0,0
"CES1F",0,0,0,1,0,0,0,0,0,0,0,0,0,0,0,0,0,0
"CNDP2",0,0,0,1,0,0,0,0,0,0,0,0,0,0,0,0,0,0
"CYP2D26",0,0,0,1,0,0,0,0,0,0,0,0,0,0,0,0,0,0
"CYP2E1",0,0,0,1,0,0,0,0,0,0,0,0,0,0,0,0,0,0
"CYP2J5",0,0,0,1,0,0,0,0,0,0,0,0,0,0,0,0,0,0
"D630029K05RIK",0,0,0,1,0,0,0,0,0,0,0,0,0,0,0,0,0,0
"DEFB29",0,0,0,1,0,0,0,0,0,0,0,0,0,0,0,0,0,0
"DNAJC12",0,0,0,1,0,0,0,0,0,0,0,0,0,0,0,0,0,0
"DNASE1",0,0,0,1,0,0,0,0,0,0,0,0,0,0,0,0,0,0
"ECI3",0,0,0,1,0,0,0,0,0,0,0,0,0,0,0,0,0,0
"EPHX2",0,0,0,1,0,0,0,0,0,0,0,0,0,0,0,0,0,0
"ERRFI1",0,0,0,1,0,0,0,0,0,0,0,0,0,0,0,0,0,0
"FAH",0,0,0,1,0,0,0,0,0,0,0,0,0,0,0,0,0,0
"FBP1",0,0,0,1,0,0,0,0,0,0,0,0,0,0,0,0,0,0
"FMO2",0,0,0,1,0,0,0,0,0,0,0,0,0,0,0,0,0,0
"FOLR1",0,0,0,1,0,0,0,0,0,0,0,0,0,0,0,0,0,0
"FTH1",0,0,0,1,0,0,0,0,0,0,0,0,0,0,0,0,0,0
"FUT9",0,0,0,1,0,0,0,0,0,0,0,0,0,0,0,0,0,0
"G6PC",0,0,0,1,0,0,0,0,0,0,0,0,0,0,0,0,0,0
"GCDH",0,0,0,1,0,0,0,0,0,0,0,0,0,0,0,0,0,0
"GHR",0,0,0,1,0,0,0,0,0,0,0,0,0,0,0,0,0,0
"GLYAT",0,0,0,1,0,0,0,0,0,0,0,0,0,0,0,0,0,0
"GM10804",0,0,0,1,0,0,0,0,0,0,0,0,0,0,0,0,0,0
"GPD1",0,0,0,1,0,0,0,0,0,0,0,0,0,0,0,0,0,0
"GPX1",0,0,0,1,0,0,0,0,0,0,0,0,0,0,0,0,0,0
"GSTZ1",0,0,0,1,0,0,0,0,0,0,0,0,0,0,0,0,0,0
"GUCA2B",0,0,0,1,0,0,0,0,0,0,0,0,0,0,0,0,0,0
"HAO2",0,0,0,1,0,0,0,0,0,0,0,0,0,0,0,0,0,0
"HSD3B2",0,0,0,1,0,0,0,0,0,0,0,0,0,0,0,0,0,0
"HSPE1",0,0,0,1,0,0,0,0,0,0,0,0,0,0,0,0,0,0
"HYKK",0,0,0,1,0,0,0,0,0,0,0,0,0,0,0,0,0,0
"INMT",0,0,0,1,0,0,0,0,0,0,0,0,0,0,0,0,0,0
"KCNJ15",0,0,0,1,0,0,0,0,0,0,0,0,0,0,0,0,0,0
"KEG1",0,0,0,1,0,0,0,0,0,0,0,0,0,0,0,0,0,0
"KHK",0,0,0,1,0,0,0,0,0,0,0,0,0,0,0,0,0,0
"LAP3",0,0,0,1,0,0,0,0,0,0,0,0,0,0,0,0,0,0
"LDHD",0,0,0,1,0,0,0,0,0,0,0,0,0,0,0,0,0,0
"LRP2",0,0,0,1,0,0,0,0,0,0,0,0,0,0,0,0,0,0
"MACROD2",0,0,0,1,0,0,0,0,0,0,0,0,0,0,0,0,0,0
"MEP1A",0,0,0,1,0,0,0,0,0,0,0,0,0,0,0,0,0,0
"MIOX",0,0,0,1,0,0,0,0,0,0,0,0,0,0,0,0,0,0
"MPV17L",0,0,0,1,0,0,0,0,0,0,0,0,0,0,0,0,0,0
"NAT8",0,0,0,1,0,0,0,0,0,0,0,0,0,0,0,0,0,0
"NEU1",0,0,0,1,0,0,0,0,0,0,0,0,0,0,0,0,0,0
"NOX4",0,0,0,1,0,0,0,0,0,0,0,0,0,0,0,0,0,0
"NUDT19",0,0,0,1,0,0,0,0,0,0,0,0,0,0,0,0,0,0
"PCK1",0,0,0,1,0,0,0,0,0,0,0,0,0,0,0,0,0,0
"PDZK1",0,0,0,1,0,0,0,0,0,0,0,0,0,0,0,0,0,0
"PECR",0,0,0,1,0,0,0,0,0,0,0,0,0,0,0,0,0,0
"PIPOX",0,0,0,1,0,0,0,0,0,0,0,0,0,0,0,0,0,0
"PRODH",0,0,0,1,0,0,0,0,0,0,0,0,0,0,0,0,0,0
"PRODH2",0,0,0,1,0,0,0,0,0,0,0,0,0,0,0,0,0,0
"PRSS8",0,0,0,1,0,0,0,0,0,0,0,0,0,0,0,0,0,0
"RAB11FIP3",0,0,0,1,0,0,0,0,0,0,0,0,0,0,0,0,0,0
"SCP2",0,0,0,1,0,0,0,0,0,0,0,0,0,0,0,0,0,0
"SLC13A3",0,0,0,1,0,0,0,0,0,0,0,0,0,0,0,0,0,0
"SLC17A1",0,0,0,1,0,0,0,0,0,0,0,0,0,0,0,0,0,0
"SLC17A3",0,0,0,1,0,0,0,0,0,0,0,0,0,0,0,0,0,0
"SLC22A1",0,0,0,1,0,0,0,0,0,0,0,0,0,0,0,0,0,0
"SLC22A12",0,0,0,1,0,0,0,0,0,0,0,0,0,0,0,0,0,0
"SLC22A18",0,0,0,1,0,0,0,0,0,0,0,0,0,0,0,0,0,0
"SLC22A28",0,0,0,1,0,0,0,0,0,0,0,0,0,0,0,0,0,0
"SLC22A30",0,0,0,1,0,0,0,0,0,0,0,0,0,0,0,0,0,0
"SLC22A6",0,0,0,1,0,0,0,0,0,0,0,0,0,0,0,0,0,0
"SLC22A8",0,0,0,1,0,0,0,0,0,0,0,0,0,0,0,0,0,0
"SLC27A2",0,0,0,1,0,0,0,0,0,0,0,0,0,0,0,0,0,0
"SLC34A1",0,0,0,1,0,0,0,0,0,0,0,0,0,0,0,0,0,0
"SLC37A4",0,0,0,1,0,0,0,0,0,0,0,0,0,0,0,0,0,0
"SLC47A1",0,0,0,1,0,0,0,0,0,0,0,0,0,0,0,0,0,0
"SLC4A4",0,0,0,1,0,0,0,0,0,0,0,0,0,0,0,0,0,0
"SLC5A8",0,0,0,1,0,0,0,0,0,0,0,0,0,0,0,0,0,0
"SLC6A18",0,0,0,1,0,0,0,0,0,0,0,0,0,0,0,0,0,0
"SLC6A19",0,0,0,1,0,0,0,0,0,0,0,0,0,0,0,0,0,0
"SLC6A20B",0,0,0,1,0,0,0,0,0,0,0,0,0,0,0,0,0,0
"SLC7A13",0,0,0,1,0,0,0,0,0,0,0,0,0,0,0,0,0,0
"SLC7A7",0,0,0,1,0,0,0,0,0,0,0,0,0,0,0,0,0,0
"SLCO1A6",0,0,0,1,0,0,0,0,0,0,0,0,0,0,0,0,0,0
"SNHG11",0,0,0,1,0,0,0,0,0,0,0,0,0,0,0,0,0,0
"SORD",0,0,0,1,0,0,0,0,0,0,0,0,0,0,0,0,0,0
"TCN2",0,0,0,1,0,0,0,0,0,0,0,0,0,0,0,0,0,0
"THEM7",0,0,0,1,0,0,0,0,0,0,0,0,0,0,0,0,0,0
"TMEM106A",0,0,0,1,0,0,0,0,0,0,0,0,0,0,0,0,0,0
"TMEM150A",0,0,0,1,0,0,0,0,0,0,0,0,0,0,0,0,0,0
"TMEM174",0,0,0,1,0,0,0,0,0,0,0,0,0,0,0,0,0,0
"TNFAIP8",0,0,0,1,0,0,0,0,0,0,0,0,0,0,0,0,0,0
"TRIM7",0,0,0,1,0,0,0,0,0,0,0,0,0,0,0,0,0,0
"TTC36",0,0,0,1,0,0,0,0,0,0,0,0,0,0,0,0,0,0
"UGT2B38",0,0,0,1,0,0,0,0,0,0,0,0,0,0,0,0,0,0
"UGT3A1",0,0,0,1,0,0,0,0,0,0,0,0,0,0,0,0,0,0
"UGT3A2",0,0,0,1,0,0,0,0,0,0,0,0,0,0,0,0,0,0
"UPB1",0,0,0,1,0,0,0,0,0,0,0,0,0,0,0,0,0,0
"XYLB",0,0,0,1,0,0,0,0,0,0,0,0,0,0,0,0,0,0
"ABCA13",0,0,0,1,0,0,0,0,0,0,0,0,0,0,0,0,0,0
"CALB1",0,0,0,1,0,0,0,0,0,0,0,0,0,0,0,0,0,0
"CWH43",0,0,0,1,0,0,0,0,0,0,0,0,0,0,0,0,0,0
"EMX1",0,0,0,1,0,0,0,0,0,0,0,0,0,0,0,0,0,0
"GM15848",0,0,0,1,0,0,0,0,0,0,0,0,0,0,0,0,0,0
"HOXB5OS",0,0,0,1,0,0,0,0,0,0,0,0,0,0,0,0,0,0
"LARP1B",0,0,0,1,0,0,0,0,0,0,0,0,0,0,0,0,0,0
"LHX1",0,0,0,1,0,0,0,0,0,0,0,0,0,0,0,0,0,0
"LHX1OS",0,0,0,1,0,0,0,0,0,0,0,0,0,0,0,0,0,0
"OXCT1",0,0,0,1,0,0,0,0,0,0,0,0,0,0,0,0,0,0
"PAPSS1",0,0,0,1,0,0,0,0,0,0,0,0,0,0,0,0,0,0
"PGAM2",0,0,0,1,0,0,0,0,0,0,0,0,0,0,0,0,0,0
"PVALB",0,0,0,1,0,0,0,0,0,0,0,0,0,0,0,0,0,0
"SGMS2",0,0,0,1,0,0,0,0,0,0,0,0,0,0,0,0,0,0
"SLC12A3",0,0,0,1,0,0,0,0,0,0,0,0,0,0,0,0,0,0
"SLC16A7",0,0,0,1,0,0,0,0,0,0,0,0,0,0,0,0,0,0
"TFRC",0,0,0,1,0,0,0,0,0,0,0,0,1,0,0,0,0,0
"TRPM6",0,0,0,1,0,0,0,0,0,0,0,0,0,0,0,0,0,0
"TRPM7",0,0,0,1,0,0,0,0,0,0,0,0,0,0,0,0,0,0
"TSC22D2",0,0,0,1,0,0,0,0,0,0,0,0,0,1,0,0,0,0
"UROC1",0,0,0,1,0,0,0,0,0,0,0,0,0,0,0,0,0,0
"WNK1",0,0,0,1,0,0,0,0,0,0,0,0,0,0,0,0,0,0
"WNK4",0,0,0,1,0,0,0,0,0,0,0,0,0,0,0,0,0,0
"ADGRG1",0,0,0,0,1,0,0,0,0,0,0,0,0,0,0,0,0,0
"APELA",1,0,0,0,1,0,0,0,0,0,0,0,0,0,0,0,0,0
"AQP2",0,0,0,0,1,0,0,0,0,0,0,0,0,0,0,0,0,0
"AQP3",0,0,0,0,1,0,0,0,0,0,0,0,0,0,0,0,0,0
"AVPR2",0,0,0,0,1,0,0,0,0,0,0,0,0,0,0,0,0,0
"BC018473",0,0,0,0,1,0,0,0,0,0,0,0,0,0,0,0,0,0
"CAV1",0,0,0,0,1,0,0,0,0,0,0,0,0,0,0,0,0,0
"CAV2",0,0,0,0,1,0,0,0,0,0,0,0,0,0,0,0,0,0
"CDH16",0,0,0,0,1,0,0,0,0,0,0,0,0,0,0,0,0,0
"CDO1",0,0,0,0,1,0,0,0,0,0,0,0,0,0,0,0,0,0
"CELSR2",0,0,0,0,1,0,0,0,0,0,0,0,0,0,0,0,0,0
"CLDN4",0,0,0,0,1,0,0,0,0,0,0,0,0,0,0,0,0,0
"FXYD4",0,0,0,0,1,0,0,0,0,0,0,0,0,0,0,0,0,0
"FZD7",0,0,0,0,1,0,0,0,0,0,0,0,0,0,0,0,0,0
"GPRC5B",0,0,0,0,1,0,0,0,0,0,0,0,0,0,0,0,0,0
"GSTT1",0,0,0,0,1,0,0,0,0,0,0,0,0,0,0,0,0,0
"HES1",0,0,0,0,1,1,0,0,0,0,0,0,0,0,1,0,0,0
"HSD11B2",0,0,0,0,1,0,0,0,0,0,0,0,0,0,0,0,0,0
"IVNS1ABP",0,0,0,0,1,0,0,0,0,0,0,0,0,0,0,0,0,0
"KCNE1",0,0,0,0,1,0,0,0,0,0,0,0,0,0,0,0,0,0
"KCNJ1",0,0,0,0,1,0,0,0,0,0,0,0,0,0,0,0,0,0
"L1CAM",0,0,0,0,1,0,0,0,0,0,0,0,0,0,0,0,0,0
"MYH10",0,0,0,0,1,0,0,0,0,0,0,0,0,0,0,0,0,0
"NPNT",0,0,0,0,1,0,0,0,0,0,0,0,0,0,0,0,0,0
"NUDT4",0,0,0,0,1,0,0,0,0,0,0,0,0,0,0,0,0,0
"OLFM1",0,0,0,0,1,0,0,0,0,0,0,0,0,0,0,0,0,0
"PDZK1IP1",0,0,0,0,1,0,0,0,0,0,0,0,0,0,0,0,0,0
"PELI2",0,0,0,0,1,0,0,0,0,0,0,0,0,0,0,0,0,0
"PHACTR1",0,0,0,0,1,0,0,0,0,0,0,0,0,0,0,0,0,0
"RNF186",0,0,0,0,1,0,0,0,0,0,0,0,0,0,0,0,0,0
"SCNN1B",0,0,0,0,1,0,0,0,0,0,0,0,0,0,0,0,0,0
"SCNN1G",0,0,0,0,1,0,0,0,0,0,0,0,0,0,0,0,0,0
"SLC2A9",0,0,0,0,1,0,0,0,0,0,0,0,0,0,0,0,0,0
"STC1",0,0,0,0,1,0,0,0,0,0,0,0,0,0,0,0,0,0
"TACSTD2",0,0,0,0,1,0,0,0,0,0,0,0,0,0,0,0,0,0
"TBCK",0,0,0,0,1,0,0,0,0,0,0,0,0,0,0,0,0,0
"TMEM178",0,0,0,0,1,0,0,0,0,0,0,0,0,0,0,0,0,0
"TMEM229A",0,0,0,0,1,0,0,0,0,0,0,0,0,0,0,0,0,0
"TMEM45B",0,0,0,0,1,0,0,0,0,0,0,0,0,0,0,0,0,0
"TRPV5",0,0,0,0,1,0,0,0,0,0,0,0,0,0,0,0,0,0
"TSPAN8",0,0,0,0,1,0,0,0,0,0,0,0,0,0,0,0,0,0
"WFDC2",0,0,0,0,1,0,0,0,0,0,0,0,0,0,0,0,0,0
"9130008F23RIK",0,0,0,0,0,1,0,0,0,0,0,0,0,0,0,0,0,0
"ATP6V0D2",0,0,0,0,0,1,0,0,0,0,0,0,0,0,0,0,0,0
"ATP6V1G3",0,0,0,0,0,1,0,0,0,0,0,0,0,0,0,0,0,0
"CAR2",0,0,0,0,0,1,0,0,0,0,0,0,0,0,0,0,0,0
"CHCHD10",0,0,0,0,0,1,0,0,0,0,0,0,1,0,0,0,0,0
"CYCS",0,0,0,0,0,1,0,0,0,0,0,0,0,0,0,0,0,0
"FAM13A",0,0,0,0,0,1,0,0,0,0,0,0,0,0,0,0,0,0
"HMX2",0,0,0,0,0,1,0,0,0,0,0,0,0,0,0,0,0,0
"MIF",0,0,0,0,0,1,0,0,0,0,0,0,0,0,0,0,0,0
"MME",0,0,0,0,0,1,0,0,0,0,0,0,0,0,0,0,0,0
"OXGR1",0,0,0,0,0,1,0,0,0,0,0,0,0,0,0,0,0,0
"SLC25A4",0,0,0,0,0,1,0,0,0,0,0,0,0,0,0,0,0,0
"TBC1D24",0,0,0,0,0,1,0,0,0,0,0,0,0,0,0,0,0,0
"TMEM61",0,0,0,0,0,1,0,0,0,0,0,0,0,0,0,0,0,0
"UQCRB",0,0,0,0,0,1,0,0,0,0,0,0,0,0,0,0,0,0
"ACO2",0,0,0,0,0,1,1,0,0,0,0,0,0,0,0,0,0,0
"ATP5A1",0,0,0,0,0,0,1,0,0,0,0,0,0,0,0,0,0,0
"CAR12",0,0,0,0,0,1,1,0,0,0,0,0,0,0,0,0,0,0
"CDC42BPB",0,0,0,0,0,0,1,0,0,0,0,0,0,0,0,0,0,0
"CHD4",0,0,0,0,0,0,1,0,0,0,0,0,0,0,0,0,0,0
"CLCNKB",0,0,0,0,0,1,1,0,0,0,0,0,0,0,0,0,0,0
"COL18A1",0,0,0,0,0,0,1,0,0,0,0,0,0,0,0,0,0,0
"CTNNB1",0,0,0,0,0,0,1,0,0,0,0,0,0,0,0,0,0,0
"CTTN",0,0,0,0,0,0,1,0,0,0,0,0,0,0,0,0,0,0
"DDX6",0,0,0,0,0,0,1,0,0,0,0,0,0,0,0,0,0,0
"ENPP5",0,0,0,0,0,0,1,0,0,0,0,0,0,0,0,0,0,0
"GCLC",0,0,0,0,0,0,1,0,0,0,0,0,0,0,0,0,0,0
"HEPACAM2",0,0,0,0,0,1,1,0,0,0,0,0,0,0,0,0,0,0
"INSRR",0,0,0,0,0,1,1,0,0,0,0,0,0,0,0,0,0,0
"ITGAV",0,0,0,0,0,0,1,0,0,0,0,0,0,0,0,0,0,0
"LAPTM4B",0,0,0,0,0,0,1,0,0,0,0,0,0,0,0,0,0,0
"MPRIP",0,0,0,0,0,0,1,0,0,0,0,0,0,0,0,0,0,0
"OGDH",0,0,0,0,0,0,1,0,0,0,0,0,0,0,0,0,0,0
"PARM1",0,0,0,0,0,1,1,0,0,0,0,0,0,0,0,0,0,0
"PIP4K2C",0,0,0,0,0,0,1,0,0,0,0,0,0,0,0,0,0,0
"RHBG",0,0,0,0,0,0,1,0,0,0,0,0,0,0,0,0,0,0
"RPN1",0,0,0,0,0,0,1,0,0,0,0,0,0,0,0,0,0,0
"SDHA",0,0,0,0,0,0,1,0,0,0,0,0,0,0,0,0,0,0
"SEC23B",0,0,0,0,0,1,1,0,0,0,0,0,0,0,0,0,0,0
"SLC26A4",0,0,0,0,0,1,1,0,0,0,0,0,0,0,0,0,0,0
"SLC43A2",0,0,0,0,0,0,1,0,0,0,0,0,0,0,0,0,0,0
"SMPD1",0,0,0,0,0,0,1,0,0,0,0,0,0,0,0,0,0,0
"SOX4",0,0,0,0,0,0,1,0,0,0,0,0,0,0,0,0,0,0
"ST14",0,0,0,0,0,0,1,0,0,0,0,0,0,0,0,0,0,0
"SYT7",0,0,0,0,0,0,1,0,0,0,0,0,0,0,0,0,0,0
"TMEM117",0,0,0,0,0,1,1,0,0,0,0,0,0,0,0,0,0,0
"TMEM50B",0,0,0,0,0,0,1,0,0,0,0,0,0,0,0,0,0,0
"ABI3",0,0,0,0,0,0,0,1,0,0,0,0,0,0,0,0,0,0
"ACE",0,0,0,0,0,0,0,1,0,0,0,0,0,0,0,0,0,0
"ADGRE4",0,0,0,0,0,0,0,1,0,0,0,0,0,0,0,0,0,0
"AP1S2",0,0,0,0,0,0,0,1,0,0,0,0,0,0,0,0,0,0
"ARL5C",0,0,0,0,0,0,0,1,0,0,0,0,0,0,0,0,0,0
"CCDC88A",0,0,0,0,0,0,0,1,0,0,0,0,0,0,0,0,0,0
"CCR2",0,0,0,0,0,0,0,1,0,0,0,0,0,0,0,0,0,0
"CD209A",0,0,0,0,0,0,0,1,0,0,0,0,0,0,0,0,0,0
"CD300A",0,0,0,0,0,0,0,1,0,0,0,0,0,0,0,0,0,0
"CD300E",0,0,0,0,0,0,0,1,0,0,0,0,0,0,0,0,0,0
"CHIL3",0,0,0,0,0,0,0,1,0,0,0,0,0,0,0,0,0,0
"CLEC10A",0,0,0,0,0,0,0,1,0,0,0,0,0,0,0,0,0,0
"CLEC12A",0,0,0,0,0,0,0,1,0,0,0,0,0,0,0,0,0,0
"CLEC4A1",0,0,0,0,0,0,0,1,0,0,0,0,0,0,0,0,0,0
"CLEC4A3",0,0,0,0,0,0,0,1,0,0,0,0,0,0,0,0,0,0
"CYTIP",0,0,0,0,0,0,0,1,0,0,0,0,0,0,0,0,0,0
"EAR2",0,0,0,0,0,0,0,1,0,0,0,0,0,0,0,0,0,0
"ENO3",0,0,0,0,0,0,0,1,0,0,0,0,0,0,0,0,0,0
"F13A1",0,0,0,0,0,0,0,1,0,0,0,0,0,0,0,0,0,0
"CYRIA",0,0,0,0,0,0,0,1,0,0,0,0,0,0,0,0,0,0
"CYRIB",0,0,0,0,0,0,0,1,0,0,0,0,0,0,0,0,0,0
"FGR",0,0,0,0,0,0,0,1,0,0,0,0,0,0,0,0,0,0
"FILIP1L",0,0,0,0,0,0,0,1,0,0,0,0,0,1,0,0,0,0
"FLNA",0,0,0,0,0,0,0,1,0,0,0,0,0,0,1,0,0,0
"FN1",0,0,0,0,0,0,0,1,0,0,0,0,0,1,0,0,0,0
"G6PDX",0,0,0,0,0,0,0,1,0,0,0,0,0,0,0,0,0,0
"GM2A",0,0,0,0,0,0,0,1,0,0,0,0,0,0,0,0,0,0
"GNGT2",0,0,0,0,0,0,0,1,0,0,0,0,0,0,0,0,0,0
"GPR141",0,0,0,0,0,0,0,1,0,0,0,0,0,0,0,0,0,0
"HCK",0,0,0,0,0,0,0,1,0,0,0,0,0,0,0,0,0,0
"HFE",0,0,0,0,0,0,0,1,0,0,0,0,0,0,0,0,0,0
"IFI27L2A",0,0,0,0,0,0,0,1,0,0,0,0,0,0,0,0,0,0
"IFI30",0,0,0,0,0,0,0,1,0,0,0,0,0,0,0,0,0,0
"IFITM3",1,0,0,0,0,0,0,1,0,0,0,0,0,0,0,0,0,0
"IRF7",0,0,0,0,0,0,0,1,0,0,0,0,0,0,0,0,0,0
"ITGAL",0,0,0,0,0,0,0,1,0,0,0,0,0,0,0,0,0,0
"LGALS3",0,0,0,0,1,1,0,1,0,0,0,0,0,0,0,0,1,0
"LRP1",0,0,0,0,0,0,0,1,0,0,0,0,0,0,0,0,0,0
"LST1",0,0,0,0,0,0,0,1,0,0,0,0,0,0,0,0,0,0
"LY6I",0,0,0,0,0,0,0,1,0,0,0,0,0,0,0,0,0,0
"LYN",0,0,0,0,0,0,0,1,0,0,0,0,0,0,0,0,0,0
"LYZ2",0,0,0,0,0,0,0,1,0,0,0,0,0,0,0,0,0,0
"MOB1A",0,0,0,0,0,0,0,1,0,0,0,0,0,0,0,0,0,0
"MPEG1",0,0,0,0,0,0,0,1,0,0,0,0,0,0,0,0,0,0
"MS4A4C",0,0,0,0,0,0,0,1,0,0,0,0,0,0,0,0,0,0
"MS4A6C",0,0,0,0,0,0,0,1,0,0,0,0,0,0,0,0,0,0
"MS4A6D",0,0,0,0,0,0,0,1,0,0,0,0,0,0,0,0,0,0
"MSN",0,0,0,0,0,0,0,1,0,0,0,0,0,0,1,0,0,0
"NAAA",0,0,0,0,0,0,0,1,0,0,0,0,0,0,0,0,0,0
"NADK",0,0,0,0,0,0,0,1,0,0,0,0,0,0,0,0,0,0
"NAPSA",0,0,0,0,0,0,0,1,0,0,0,0,0,0,0,0,0,0
"NR4A1",0,0,0,0,0,0,0,1,0,0,0,0,0,0,0,0,0,0
"PIP4K2A",0,0,0,0,0,0,0,1,0,0,0,0,0,0,0,0,0,0
"PITPNA",0,0,0,0,0,0,0,1,0,0,0,0,0,0,0,0,0,0
"PLAC8",0,0,0,0,0,0,0,1,0,0,0,0,0,0,0,0,0,0
"PLBD1",0,0,0,0,0,0,0,1,0,0,0,0,0,0,0,0,0,0
"PRKCD",0,0,0,0,0,0,0,1,0,0,0,0,0,0,0,0,0,0
"PSAP",0,0,0,0,0,0,0,1,0,0,0,0,0,0,0,0,0,0
"PSMA7",0,0,0,0,0,0,0,1,0,0,0,0,0,0,0,0,0,0
"PTPN1",0,0,0,0,0,0,0,1,0,0,0,0,0,0,0,0,0,0
"PTPN6",0,0,0,0,0,0,0,1,0,0,0,0,0,0,0,0,0,0
"RAP1A",0,0,0,0,0,0,0,1,0,0,0,0,0,0,1,0,0,0
"S100A4",0,0,0,0,0,0,0,1,0,0,0,0,0,0,0,0,0,0
"SAMHD1",0,0,0,0,0,0,0,1,0,0,0,0,0,0,0,0,0,0
"SAT1",0,0,0,0,0,0,0,1,0,0,0,0,0,0,0,0,0,0
"SERPINB10",0,0,0,0,0,0,0,1,0,0,0,0,0,0,0,0,0,0
"SIRPB1C",0,0,0,0,0,0,0,1,0,0,0,0,0,0,0,0,0,0
"STK10",0,0,0,0,0,0,0,1,0,0,0,0,0,0,0,0,0,0
"TGFB1",0,0,0,0,0,0,0,1,0,0,0,0,0,0,0,0,0,0
"TGFBI",0,0,0,0,0,0,0,1,0,0,0,0,0,0,0,0,0,0
"TKT",0,0,0,0,0,0,0,1,0,0,0,0,0,0,0,0,0,0
"TMCC1",0,0,0,0,0,0,0,1,0,0,0,0,0,0,0,0,0,0
"TNFRSF1B",0,0,0,0,0,0,0,1,0,0,0,0,0,0,0,0,0,0
"TPPP3",0,0,0,0,0,0,0,1,0,0,0,0,0,0,1,0,0,0
"TREML4",0,0,0,0,0,0,0,1,0,0,0,0,0,0,0,0,0,0
"UCP2",0,0,0,0,0,0,0,1,0,0,0,0,0,0,0,0,0,0
"ABHD12",0,0,1,0,0,0,0,0,0,0,0,0,0,0,0,0,0,0
"ADAP2",0,0,1,0,0,0,0,0,0,0,0,0,0,0,0,0,0,0
"ADAP2OS",0,0,1,0,0,0,0,0,0,0,0,0,0,0,0,0,0,0
"ADGRE1",0,0,1,0,0,0,0,0,0,0,0,0,0,0,0,0,0,0
"ADRB1",0,0,1,0,0,0,0,0,0,0,0,0,0,0,0,0,0,0
"AIF1",0,0,1,0,0,0,0,0,0,0,0,0,0,0,0,0,0,0
"APOBEC1",0,0,1,0,0,0,0,0,0,0,0,0,0,0,0,0,0,0
"APOE",0,0,1,0,0,0,0,0,0,0,0,0,0,0,0,0,0,0
"ASAH1",0,0,1,0,0,0,0,0,0,0,0,0,0,0,0,0,0,0
"AXL",0,0,1,0,0,0,0,0,0,0,0,0,0,0,0,0,0,0
"BASP1",0,0,1,0,0,0,0,0,0,0,0,0,0,1,0,0,0,0
"BCL2A1B",0,0,1,0,0,0,0,0,0,0,0,0,0,0,0,0,0,0
"C1QA",0,0,1,0,0,0,0,0,0,0,0,0,0,0,0,0,0,0
"C1QB",0,0,1,0,0,0,0,0,0,0,0,0,0,0,0,0,0,0
"C1QC",0,0,1,0,0,0,0,0,0,0,0,0,0,0,0,0,0,0
"C3AR1",0,0,1,0,0,0,0,0,0,0,0,0,0,0,0,0,0,0
"CADM1",0,0,1,0,0,0,0,0,0,0,0,0,0,0,0,0,0,0
"CCL12",0,0,1,0,0,0,0,0,0,0,0,0,0,0,0,0,0,0
"CD72",0,0,1,0,0,0,0,0,0,0,0,0,0,0,0,0,0,0
"CD74",0,0,1,0,0,0,0,0,0,0,0,0,0,0,0,0,0,0
"CD83",0,0,1,0,0,0,0,0,0,0,0,0,0,0,0,0,0,0
"CD86",0,0,1,0,0,0,0,0,0,0,0,0,0,0,0,0,0,0
"CDK6",0,0,1,0,0,0,0,0,0,0,0,0,0,0,0,0,0,0
"CFH",0,0,1,0,0,0,0,0,0,0,0,0,0,1,0,0,0,0
"CLEC4A2",0,0,1,0,0,0,0,0,0,0,0,0,0,0,0,0,0,0
"CLEC4B1",0,0,1,0,0,0,0,0,0,0,0,0,0,0,0,0,0,0
"COL14A1",0,0,1,0,0,0,0,0,0,0,0,0,0,1,0,0,0,0
"CREB5",0,0,1,0,0,0,0,0,0,0,0,0,0,0,0,0,0,0
"CST3",0,0,1,0,0,0,0,0,0,0,0,0,0,0,1,0,0,0
"CTSC",0,0,1,0,0,0,0,0,0,0,0,0,0,0,0,0,0,0
"CTSH",0,0,1,0,0,0,0,0,0,0,0,0,0,0,0,0,0,0
"CX3CR1",0,0,1,0,0,0,0,0,0,0,0,0,0,0,0,0,0,0
"CXCL16",0,0,1,0,0,0,0,0,0,0,0,0,0,0,0,0,0,0
"CYTH4",0,0,1,0,0,0,0,0,0,0,0,0,0,0,0,0,0,0
"EBI3",0,0,1,0,0,0,0,0,0,0,0,0,0,0,0,0,0,0
"FCGR1",0,0,1,0,0,0,0,0,0,0,0,0,0,0,0,0,0,0
"FCGR2B",0,0,1,0,0,0,0,0,0,0,0,0,0,0,0,0,0,0
"FCGR3",0,0,1,0,0,0,0,0,0,0,0,0,0,0,0,0,0,0
"FCGR4",0,0,1,0,0,0,0,0,0,0,0,0,0,0,0,0,0,0
"FGD2",0,0,1,0,0,0,0,0,0,0,0,0,0,0,0,0,0,0
"FNBP1",0,0,1,0,0,0,0,0,0,0,0,0,0,0,0,0,0,0
"FYB",0,0,1,0,0,0,0,0,0,0,0,0,0,0,0,0,0,0
"GM4951",0,0,1,0,0,0,0,0,0,0,0,0,0,0,0,0,0,0
"GPR65",0,0,1,0,0,0,0,0,0,0,0,0,0,0,0,0,0,0
"GUSB",0,0,1,0,0,0,0,0,0,0,0,0,0,0,0,0,0,0
"H2-AA",0,0,1,0,0,0,0,0,0,0,0,0,0,0,0,0,0,0
"H2-AB1",0,0,1,0,0,0,0,0,0,0,0,0,0,0,0,0,0,0
"H2-DMA",0,0,1,0,0,0,0,0,0,0,0,0,0,0,0,0,0,0
"H2-DMB1",0,0,1,0,0,0,0,0,0,0,0,0,0,0,0,0,0,0
"H2-EB1",0,0,1,0,0,0,0,0,0,0,0,0,0,0,0,0,0,0
"HPGDS",0,0,1,0,0,0,0,0,0,0,0,0,0,0,0,0,0,0
"HSPA1A",0,0,1,0,0,0,0,0,0,0,0,0,0,0,0,0,0,0
"IFNAR1",0,0,1,0,0,0,0,0,0,0,0,0,0,0,0,0,0,0
"INPP5D",0,0,1,0,0,0,0,0,0,0,0,0,0,0,0,0,0,0
"ITM2C",0,0,1,0,0,0,0,0,0,0,0,0,0,0,0,0,0,0
"LACC1",0,0,1,0,0,0,0,0,0,0,0,0,0,0,0,0,0,0
"LAIR1",0,0,1,0,0,0,0,0,0,0,0,0,0,0,0,0,0,0
"LAT2",0,0,1,0,0,0,0,0,0,0,0,0,0,0,0,0,0,0
"LILRA5",0,0,1,0,0,0,0,0,0,0,0,0,0,0,0,0,0,0
"LPAR6",0,0,1,0,0,0,0,0,0,0,0,0,0,0,0,0,0,0
"LY86",0,0,1,0,0,0,0,0,0,0,0,0,0,0,0,0,0,0
"MARCKS",0,0,1,0,0,0,0,0,0,0,0,0,0,0,0,0,0,0
"MGL2",0,0,1,0,0,0,0,0,0,0,0,0,0,0,0,0,0,0
"MKNK1",0,0,1,0,0,0,0,0,0,0,0,0,0,0,0,0,0,0
"MMP13",0,0,1,0,0,0,0,0,0,0,0,0,0,0,0,0,0,0
"MRC1",0,0,1,0,0,0,0,0,0,0,0,0,0,0,0,0,0,0
"MS4A7",0,0,1,0,0,0,0,0,0,0,0,0,0,0,0,0,0,0
"NTPCR",0,0,1,0,0,0,0,0,0,0,0,0,0,0,0,0,0,0
"P2RY6",0,0,1,0,0,0,0,0,0,0,0,0,0,0,0,0,0,0
"PARP14",0,0,1,0,0,0,0,0,0,0,0,0,0,0,0,0,0,0
"PEA15A",0,0,1,0,0,0,0,0,0,0,0,0,0,0,0,0,0,0
"PF4",0,0,1,0,0,0,0,0,0,0,0,0,0,0,0,0,0,0
"PID1",0,0,1,0,0,0,0,0,0,0,0,0,0,0,0,0,0,0
"PPT1",0,0,1,0,0,0,0,0,0,0,0,0,0,0,0,0,0,0
"RAB7B",0,0,1,0,0,0,0,0,0,0,0,0,0,0,0,0,0,0
"RBPJ",0,0,1,0,0,0,0,0,0,0,0,0,0,0,0,0,0,0
"RGS10",0,0,1,0,0,0,0,0,0,0,0,0,0,0,0,0,0,0
"RTN4",0,0,1,0,0,0,0,0,0,0,0,0,0,0,0,0,0,0
"RUNX1",0,0,1,0,0,0,0,0,0,0,0,0,0,0,0,0,0,0
"SCIMP",0,0,1,0,0,0,0,0,0,0,0,0,0,0,0,0,0,0
"SDC3",0,0,1,0,0,0,0,0,0,0,0,0,0,0,0,0,0,0
"SFT2D1",0,0,1,0,0,0,0,0,0,0,0,0,0,0,0,0,0,0
"SLAMF9",0,0,1,0,0,0,0,0,0,0,0,0,0,0,0,0,0,0
"SLCO2B1",0,0,1,0,0,0,0,0,0,0,0,0,0,0,0,0,0,0
"STAB1",0,0,1,0,0,0,0,0,0,0,0,0,0,0,0,0,0,0
"STAP1",0,0,1,0,0,0,0,0,0,0,0,0,0,0,0,0,0,0
"STX16",0,0,1,0,0,0,0,0,0,0,0,0,0,0,0,0,0,0
"TAOK3",0,0,1,0,0,0,0,0,0,0,0,0,0,0,0,0,0,0
"TGFBR1",0,0,1,0,0,0,0,0,0,0,0,0,0,0,0,0,0,0
"TMCC3",0,0,1,0,0,0,0,0,0,0,0,0,0,0,0,0,0,0
"TMEM176B",0,0,1,0,0,0,0,0,0,0,0,0,0,0,0,0,0,0
"TRF",0,0,1,0,0,0,0,0,0,0,0,0,0,0,0,0,0,0
"UNC93B1",0,0,1,0,0,0,0,0,0,0,0,0,0,0,0,0,0,0
"VCAM1",0,0,1,0,0,0,0,0,0,0,0,0,0,0,0,0,0,0
"VSIR",0,0,1,0,0,0,0,0,0,0,0,0,0,0,0,0,0,0
"ZEB2OS",0,0,1,0,0,0,0,0,0,0,0,0,0,0,0,0,0,0
"ZMYND15",0,0,1,0,0,0,0,0,0,0,0,0,0,0,0,0,0,0
"1600010M07RIK",0,0,0,0,0,0,0,0,1,0,0,0,0,0,0,0,0,0
"2310001H17RIK",0,0,0,0,0,0,0,0,1,0,0,0,0,0,0,0,0,0
"AA467197",0,0,0,0,0,0,0,0,1,0,0,0,0,0,0,0,0,0
"ABTB1",0,0,0,0,0,0,0,0,1,0,0,0,0,0,0,0,0,0
"ADAM8",0,0,0,0,0,0,0,0,1,0,0,0,0,0,0,0,0,0
"ADIPOR1",0,0,0,0,0,0,0,0,1,0,0,0,0,0,0,0,0,0
"ALOX5AP",0,0,0,0,0,0,0,0,1,0,0,0,0,0,0,0,0,0
"ANXA1",0,0,0,0,0,0,0,0,1,0,0,0,0,0,1,0,0,0
"ARG2",0,0,0,0,0,0,0,0,1,0,0,0,0,0,0,0,0,0
"ASPRV1",0,0,0,0,0,0,0,0,1,0,0,0,0,0,0,0,0,0
"BST1",0,0,0,0,0,0,0,0,1,0,0,0,0,0,0,0,0,0
"BTG2",0,0,0,0,0,0,0,0,1,0,0,0,0,0,0,0,0,0
"C5AR1",0,0,0,0,0,0,0,0,1,0,0,0,0,0,0,0,0,0
"CARD19",0,0,0,0,0,0,0,0,1,0,0,0,0,0,0,0,0,0
"CCL3",0,0,0,0,0,0,0,0,1,0,0,0,0,0,0,0,0,0
"CCL6",0,0,0,0,0,0,0,0,1,0,0,0,0,0,0,0,0,0
"CCL9",0,0,0,0,0,0,0,0,1,0,0,0,0,0,0,0,0,0
"CCR1",0,0,0,0,0,0,0,0,1,0,0,0,0,0,0,0,0,0
"CCRL2",0,0,0,0,0,0,0,0,1,0,0,0,0,0,0,0,0,0
"CD177",0,0,0,0,0,0,0,0,1,0,0,0,0,0,0,0,0,0
"CD300LD",0,0,0,0,0,0,0,0,1,0,0,0,0,0,0,0,0,0
"CD300LF",0,0,0,0,0,0,0,0,1,0,0,0,0,0,0,0,0,0
"CDK2AP2",0,0,0,0,0,0,0,0,1,0,0,0,0,0,0,0,0,0
"CFP",0,0,0,0,0,0,0,0,1,0,0,0,0,0,0,0,0,0
"CHIL1",0,0,0,0,0,0,0,0,1,0,0,0,0,0,0,0,0,0
"CLEC4D",0,0,0,0,0,0,0,0,1,0,0,0,0,0,0,0,0,0
"CLEC4E",0,0,0,0,0,0,0,0,1,0,0,0,0,0,0,0,0,0
"CSF3R",0,0,0,0,0,0,0,0,1,0,0,0,0,0,0,0,0,0
"CSRP3",0,0,0,0,0,0,0,0,1,0,0,0,0,0,0,0,0,0
"CXCL2",0,0,0,0,0,0,0,0,1,0,0,0,0,0,0,0,0,0
"CXCR2",0,0,0,0,0,0,0,0,1,0,0,0,0,0,0,0,0,0
"CYP4F18",0,0,0,0,0,0,0,0,1,0,0,0,0,0,0,0,0,0
"DGAT1",0,0,0,0,0,0,0,0,1,0,0,0,0,0,0,0,0,0
"DHRS7",0,0,0,0,0,0,0,0,1,0,0,0,0,0,0,0,0,0
"DUSP1",0,0,0,0,0,0,0,0,1,0,0,0,0,0,0,0,0,0
"EIF4EBP1",0,0,0,0,0,0,0,0,1,0,0,0,0,0,0,0,0,0
"F630028O10RIK",0,0,0,0,0,0,0,0,1,0,0,0,0,0,0,0,0,0
"FOS",0,0,0,0,0,0,0,0,1,0,0,0,0,0,0,0,0,0
"FXYD5",0,0,0,0,0,0,0,0,1,0,0,0,0,0,0,0,0,0
"G0S2",0,0,0,0,0,0,0,0,1,0,0,0,0,0,0,0,0,0
"GDA",0,0,0,0,0,0,0,0,1,0,0,0,0,0,0,0,0,0
"GDPD3",0,0,0,0,0,0,0,0,1,0,0,0,0,0,0,0,0,0
"GLIPR2",0,0,0,0,0,0,0,0,1,0,0,0,0,1,0,0,0,0
"GLRX",0,0,0,0,0,0,0,0,1,0,0,0,0,0,0,0,0,0
"GM5150",0,0,0,0,0,0,0,0,1,0,0,0,0,0,0,0,0,0
"GMFG",0,0,0,0,0,0,0,0,1,0,0,0,0,0,0,0,0,0
"GRINA",0,0,0,0,0,0,0,0,1,0,0,0,0,0,0,0,0,0
"GSR",0,0,0,0,0,0,0,0,1,0,0,0,0,0,0,0,0,0
"H2-Q10",0,0,0,0,0,0,0,0,1,0,0,0,0,0,0,0,0,0
"HACD4",0,0,0,0,0,0,0,0,1,0,0,0,0,0,0,0,0,0
"HDC",0,0,0,0,0,0,0,0,1,0,0,0,0,0,0,0,0,0
"HP",0,0,0,0,0,0,0,0,1,0,0,0,0,0,0,0,0,0
"IER2",0,0,0,0,0,0,0,0,1,0,0,0,0,0,0,0,0,0
"IFITM1",0,0,0,0,0,0,0,0,1,0,0,0,0,0,0,0,0,0
"IL17RA",0,0,0,0,0,0,0,0,1,0,0,0,0,0,0,0,0,0
"IL1B",0,0,0,0,0,0,0,0,1,0,0,0,0,0,0,0,0,0
"IL1F9",0,0,0,0,0,0,0,0,1,0,0,0,0,0,0,0,0,0
"IL1R2",0,0,0,0,0,0,0,0,1,0,0,0,0,0,0,0,0,0
"JUNB",0,0,0,0,0,0,0,0,1,0,0,0,0,0,0,0,0,0
"LCN2",0,0,0,0,0,0,0,0,1,0,0,0,0,0,0,0,0,0
"LILR4B",0,0,0,0,0,0,0,0,1,0,0,0,0,0,0,0,0,0
"LITAF",0,0,0,0,0,0,0,0,1,0,0,0,0,0,0,0,0,0
"LRG1",0,0,0,0,0,0,0,0,1,0,0,0,0,0,0,0,0,0
"LY6G",0,0,0,0,0,0,0,0,1,0,0,0,0,0,0,0,0,0
"MAP1LC3B",0,0,0,0,0,0,0,0,1,0,0,0,0,0,0,0,0,0
"MCEMP1",0,0,0,0,0,0,0,0,1,0,0,0,0,0,0,0,0,0
"MCL1",0,0,0,0,0,0,0,0,1,0,0,0,0,0,0,0,0,0
"MMP8",0,0,0,0,0,0,0,0,1,0,0,0,0,0,0,0,0,0
"MMP9",0,0,0,0,0,0,0,0,1,0,0,0,0,0,0,0,0,0
"MRGPRA2B",0,0,0,0,0,0,0,0,1,0,0,0,0,0,0,0,0,0
"MRPL33",0,0,0,0,0,0,0,0,1,0,0,0,0,0,0,0,0,0
"MSRB1",0,0,0,0,0,0,0,0,1,0,0,0,0,0,0,0,0,0
"MXD1",0,0,0,0,0,0,0,0,1,0,0,0,0,0,0,0,0,0
"NCF1",0,0,0,0,0,0,0,0,1,0,0,0,0,0,0,0,0,0
"NGP",0,0,0,0,0,0,0,0,1,0,0,0,0,0,0,0,0,0
"OAS3",0,0,0,0,0,0,0,0,1,0,0,0,0,0,0,0,0,0
"OSM",0,0,0,0,0,0,0,0,1,0,0,0,0,0,0,0,0,0
"PGD",0,0,0,0,0,0,0,0,1,0,0,0,0,0,0,0,0,0
"PGLYRP1",0,0,0,0,0,0,0,0,1,0,0,0,0,0,0,0,0,0
"PILRA",0,0,0,0,0,0,0,0,1,0,0,0,0,0,0,0,0,0
"PILRB2",0,0,0,0,0,0,0,0,1,0,0,0,0,0,0,0,0,0
"PLP2",0,0,0,0,0,0,0,0,1,0,0,0,0,0,0,0,0,0
"PNKP",0,0,0,0,0,0,0,0,1,0,0,0,0,0,0,0,0,0
"PRR13",0,0,0,0,0,0,0,0,1,0,0,0,0,0,0,0,0,0
"PTGS2",0,0,0,0,0,0,0,0,1,0,0,0,0,0,0,0,0,0
"PTP4A1",0,0,0,0,0,0,0,0,1,0,0,0,0,0,0,0,0,0
"PYGL",0,0,0,0,0,0,0,0,1,0,0,0,0,0,0,0,0,0
"R3HDM4",0,0,0,0,0,0,0,0,1,0,0,0,0,0,0,0,0,0
"RARA",0,0,0,0,0,0,0,0,1,0,0,0,0,0,0,0,0,0
"RASSF3",0,0,0,0,0,0,0,0,1,0,0,0,0,0,0,0,0,0
"RDH12",0,0,0,0,0,0,0,0,1,0,0,0,0,0,0,0,0,0
"RETNLG",0,0,0,0,0,0,0,0,1,0,0,0,0,0,0,0,0,0
"RGS2",0,0,0,0,0,1,0,0,1,0,0,0,0,0,1,0,0,0
"RIOK3",0,0,0,0,0,0,0,0,1,0,0,0,0,0,0,0,0,0
"RNF144A",0,0,0,0,0,0,0,0,1,0,0,0,0,0,1,0,0,0
"S100A11",0,0,0,0,0,0,0,0,1,0,0,0,0,0,0,0,0,0
"S100A6",0,0,0,0,0,0,0,0,1,0,0,0,0,0,1,0,1,0
"S100A8",0,0,1,0,0,0,0,0,1,0,0,0,0,0,0,0,0,0
"S100A9",0,0,1,0,0,0,0,0,1,0,0,0,0,0,0,0,0,0
"SLC16A3",0,0,0,0,0,0,0,0,1,0,0,0,0,0,0,0,0,0
"SLC7A11",0,0,0,0,0,0,0,0,1,0,0,0,0,0,0,0,0,0
"SLFN1",0,0,0,0,0,0,0,0,1,0,0,0,0,0,0,0,0,0
"SLFN4",0,0,0,0,0,0,0,0,1,0,0,0,0,0,0,0,0,0
"SOCS3",0,0,0,0,0,0,0,0,1,0,0,0,0,0,0,0,0,0
"SORL1",0,0,0,0,0,0,0,0,1,0,0,0,0,0,0,0,0,0
"SRGN",0,0,1,0,0,0,0,0,1,0,0,0,0,0,0,0,0,0
"STFA2L1",0,0,0,0,0,0,0,0,1,0,0,0,0,0,0,0,0,0
"STK17B",0,0,0,0,0,0,0,0,1,0,0,0,0,0,0,0,0,0
"TALDO1",0,0,0,0,0,0,0,0,1,0,0,0,0,0,0,0,0,0
"TPD52",0,0,0,0,0,0,0,0,1,0,0,0,0,0,0,0,0,0
"TREM1",0,0,0,0,0,0,0,0,1,0,0,0,0,0,0,0,0,0
"TREM3",0,0,0,0,0,0,0,0,1,0,0,0,0,0,0,0,0,0
"TRIM30B",0,0,0,0,0,0,0,0,1,0,0,0,0,0,0,0,0,0
"TXN1",0,0,0,0,0,0,0,0,1,0,0,0,0,0,0,0,0,0
"TYROBP",0,0,1,0,0,0,0,0,1,0,0,0,0,0,0,0,0,0
"UBE2B",0,0,0,0,0,0,0,0,1,0,0,0,0,0,0,0,0,0
"WFDC17",0,0,0,0,0,0,0,0,1,0,0,0,0,0,0,0,0,0
"WFDC21",0,0,0,0,0,0,0,0,1,0,0,0,0,0,0,0,0,0
"ZFP36",0,0,0,0,1,0,0,0,1,0,0,0,0,0,0,0,0,0
"ZYX",0,0,0,0,0,0,0,0,1,0,0,0,0,0,1,0,0,0
"4930523C07RIK",0,0,0,0,0,0,0,0,0,1,0,0,0,0,1,0,0,0
"BANK1",0,0,0,0,0,0,0,0,0,1,0,0,0,0,0,0,0,0
"BLNK",0,0,0,0,0,0,0,0,0,1,0,0,0,0,0,0,0,0
"BTLA",0,0,0,0,0,0,0,0,0,1,0,0,0,0,0,0,0,0
"CD19",0,0,0,0,0,0,0,0,0,1,0,0,0,0,0,0,0,0
"CD22",0,0,0,0,0,0,0,0,0,1,0,0,0,0,0,0,0,0
"CD37",0,0,0,0,0,0,0,0,0,1,0,0,0,0,0,0,0,0
"CD79A",0,0,0,0,0,0,0,0,0,1,0,0,0,0,0,0,0,0
"CD79B",0,0,0,0,0,0,0,0,0,1,0,0,0,0,0,0,0,0
"CKAP4",0,0,0,0,0,0,0,0,0,1,0,0,0,0,0,0,0,0
"CMAH",0,0,0,0,0,0,0,0,0,1,0,0,0,0,0,0,0,0
"CRELD2",0,0,0,0,0,0,0,0,0,1,0,0,0,0,0,0,0,0
"DERL3",0,0,0,0,0,0,0,0,0,1,0,0,0,0,0,0,0,0
"DNAJC3",0,0,0,0,0,0,0,0,0,1,0,0,0,0,0,0,0,0
"EAF2",0,0,0,0,0,0,0,0,0,1,0,0,0,0,0,0,0,0
"EBF1",0,0,0,0,0,0,0,0,0,1,0,0,0,0,1,0,0,0
"EDEM1",0,0,0,0,0,0,0,0,0,1,0,0,0,0,0,0,0,0
"EDEM2",0,0,0,0,0,0,0,0,0,1,0,0,0,0,0,0,0,0
"FCHSD2",0,0,0,0,0,0,0,0,0,1,0,0,0,0,0,0,0,0
"FCMR",0,0,0,0,0,0,0,0,0,1,0,0,0,0,0,0,0,0
"FCRLA",0,0,0,0,0,0,0,0,0,1,0,0,0,0,0,0,0,0
"FKBP11",0,0,0,0,0,0,0,0,0,1,0,0,0,0,0,0,0,0
"GM8369",0,0,0,0,0,0,0,0,0,1,0,0,0,0,0,0,0,0
"H13",0,0,0,0,0,0,0,0,0,1,0,0,0,0,0,0,0,0
"H2-DMB2",0,0,0,0,0,0,0,0,0,1,0,0,0,0,0,0,0,0
"H2-OA",0,0,0,0,0,0,0,0,0,1,0,0,0,0,0,0,0,0
"H2-OB",0,0,0,0,0,0,0,0,0,1,0,0,0,0,0,0,0,0
"HSP90B1",0,0,0,0,0,0,0,0,0,1,0,0,0,1,0,0,0,0
"HSPA5",0,0,0,0,0,0,0,0,0,1,0,0,0,0,0,0,0,0
"HVCN1",0,0,0,0,0,0,0,0,0,1,0,0,0,0,0,0,0,0
"JCHAIN",0,0,0,0,0,0,0,0,0,1,0,0,0,0,0,0,0,0
"KRTCAP2",0,0,0,0,0,0,0,0,0,1,0,0,0,0,0,0,0,0
"LY6D",0,0,0,0,0,0,0,0,0,1,0,0,0,0,0,0,1,0
"MANF",0,0,0,0,0,0,0,0,0,1,0,0,0,0,0,0,0,0
"MEF2C",0,0,0,0,0,0,0,0,0,1,0,0,0,0,1,0,0,0
"MS4A1",0,0,0,0,0,0,0,0,0,1,0,0,0,0,0,0,0,0
"MZB1",0,0,0,0,0,0,0,0,0,1,0,0,0,0,0,0,0,0
"PAFAH1B3",0,0,0,0,0,0,0,0,0,1,0,0,0,0,0,0,0,0
"PAX5",0,0,0,0,0,0,0,0,0,1,0,0,0,0,0,0,0,0
"POLD4",0,0,0,0,0,0,0,0,0,1,0,0,0,0,0,0,0,0
"POU2AF1",0,0,0,0,0,0,0,0,0,1,0,0,0,0,0,0,0,0
"PRDX4",0,0,0,0,0,0,0,0,0,1,0,0,0,0,0,0,0,0
"PTP4A3",0,0,0,0,0,0,0,0,0,1,0,0,0,0,1,0,0,0
"RALGPS2",0,0,0,0,0,0,0,0,0,1,0,0,0,0,0,0,0,0
"REXO2",0,0,0,0,0,0,0,0,0,1,0,0,0,0,0,0,0,0
"SCD1",0,0,0,0,0,0,0,0,0,1,0,0,0,0,0,0,0,0
"SDF2L1",0,0,0,0,0,0,0,0,0,1,0,0,0,0,0,0,0,0
"SEC11C",0,0,0,0,0,0,0,0,0,1,0,0,0,0,0,0,0,0
"SEC61A1",0,0,0,0,0,0,0,0,0,1,0,0,0,0,0,0,0,0
"SEC61B",0,0,0,0,0,0,0,0,0,1,0,0,0,0,0,0,0,0
"SERP1",0,0,0,0,0,0,0,0,0,1,0,0,0,0,0,0,0,0
"SIGLECG",0,0,0,0,0,0,0,0,0,1,0,0,0,0,0,0,0,0
"SLPI",0,0,0,0,0,0,0,0,0,1,0,0,0,0,0,0,0,0
"SMAP2",0,0,0,0,0,0,0,0,0,1,0,0,0,0,0,0,0,0
"SNX2",0,0,0,0,0,0,0,0,0,1,0,0,0,0,0,0,0,0
"SPCS3",0,0,0,0,0,0,0,0,0,1,0,0,0,0,0,0,0,0
"SPIB",0,0,0,0,0,0,0,0,0,1,0,0,0,0,0,0,0,0
"SRP9",0,0,0,0,0,0,0,0,0,1,0,0,0,0,0,0,0,0
"SSR4",0,0,0,0,0,0,0,0,0,1,0,0,0,0,0,0,0,0
"TNFRSF13B",0,0,0,0,0,0,0,0,0,1,0,0,0,0,0,0,0,0
"TNFRSF13C",0,0,0,0,0,0,0,0,0,1,0,0,0,0,0,0,0,0
"TNFRSF17",0,0,0,0,0,0,0,0,0,1,0,0,0,0,0,0,0,0
"TRP53INP1",0,0,0,0,0,0,0,0,0,1,0,0,0,0,0,0,0,0
"TXNDC11",0,0,0,0,0,0,0,0,0,1,0,0,0,0,0,0,0,0
"TXNDC5",0,0,0,0,0,0,0,0,0,1,0,0,0,0,0,0,0,0
"VPREB3",0,0,0,0,0,0,0,0,0,1,0,0,0,0,0,0,0,0
"XBP1",0,0,0,0,0,0,0,0,0,1,0,0,0,0,0,0,0,0
"BCL11B",0,0,0,0,0,0,0,0,0,0,1,0,0,0,0,0,0,0
"CXCR6",0,0,0,0,0,0,0,0,0,0,1,0,0,0,0,0,0,0
"FAM189B",0,0,0,0,0,0,0,0,0,0,1,0,0,0,0,0,0,0
"GIMAP3",0,0,0,0,0,0,0,0,0,0,1,0,0,0,0,0,0,0
"RPS18-PS6",0,0,0,0,0,0,0,0,0,0,1,0,0,0,0,0,0,0
"IL7R",0,0,0,0,0,0,0,0,0,0,1,0,0,0,0,0,0,0
"ITK",0,0,0,0,0,0,0,0,0,0,1,0,0,0,0,0,0,0
"LEF1",0,0,0,0,0,0,0,0,0,0,1,0,0,1,0,0,0,0
"LTB",0,0,0,0,0,0,0,0,0,0,1,0,0,0,0,0,0,0
"RAPGEF6",0,0,0,0,0,0,0,0,0,0,1,0,0,0,0,0,0,0
"RASGRP1",0,0,0,0,0,0,0,0,0,0,1,0,0,0,0,0,0,0
"RPL12",0,0,0,0,0,0,0,0,0,0,1,0,0,0,0,0,0,0
"RPLP1",0,0,0,0,0,0,0,0,0,0,1,0,0,0,0,0,0,0
"RPS16",0,0,0,0,0,0,0,0,0,0,1,0,0,0,0,0,0,0
"RPS23",0,0,0,0,0,0,0,0,0,0,1,0,0,0,0,0,0,0
"RPS4X",0,0,0,0,0,0,0,0,0,0,1,0,0,0,0,0,0,0
"SATB1",0,0,0,0,0,0,0,0,0,0,1,0,0,0,0,0,0,0
"SOCS2",0,0,0,0,0,0,0,0,0,0,1,0,0,0,0,0,0,0
"TPT1",0,0,0,0,0,0,0,0,0,0,1,0,0,0,0,0,0,0
"CAP1",0,0,0,0,0,0,0,0,0,0,0,1,0,0,0,0,0,0
"CCL5",0,0,0,0,0,0,0,0,0,0,0,1,0,0,0,0,0,0
"CCND2",0,0,0,0,0,0,0,0,0,0,0,1,0,1,0,0,0,0
"CHSY1",0,0,0,0,0,0,0,0,0,0,0,1,0,0,0,0,0,0
"CMA1",0,0,0,0,0,0,0,0,0,0,0,1,0,0,0,0,0,0
"CST7",0,0,0,0,0,0,0,0,0,0,0,1,0,0,0,0,0,0
"CTLA2B",0,0,0,0,0,0,0,0,0,0,0,1,0,0,0,0,0,0
"CTSW",0,0,0,0,0,0,0,0,0,0,0,1,0,0,0,0,0,0
"DAPK2",0,0,0,0,0,0,0,0,0,0,0,1,0,0,0,0,0,0
"DOK2",0,0,0,0,0,0,0,0,0,0,0,1,0,0,0,0,0,0
"DUSP2",0,0,0,0,0,0,0,0,0,0,0,1,0,0,0,0,0,0
"FASL",0,0,0,0,0,0,0,0,0,0,0,1,0,0,0,0,0,0
"GEM",0,0,0,0,0,0,0,0,0,0,0,1,0,0,0,0,0,0
"GM19585",0,0,0,0,0,0,0,0,0,0,0,1,0,0,0,0,0,0
"GZMA",0,0,0,0,0,0,0,0,0,0,0,1,0,0,0,0,0,0
"GZMB",0,0,0,0,0,0,0,0,0,0,0,1,0,0,0,0,0,0
"HSD11B1",0,0,0,0,0,0,0,0,0,0,0,1,0,0,0,0,0,0
"IFITM10",0,0,0,0,0,0,0,0,0,0,0,1,0,0,0,0,0,0
"IL18RAP",0,0,0,0,0,0,0,0,0,0,0,1,0,0,0,0,0,0
"IRF8",0,0,0,0,0,0,0,0,0,0,0,1,0,0,0,0,0,0
"ITGB2",0,0,0,0,0,0,0,0,0,0,0,1,0,0,0,0,0,0
"JAK1",0,0,0,0,0,0,0,0,0,0,0,1,0,0,0,0,0,0
"KLRA1",0,0,0,0,0,0,0,0,0,0,0,1,0,0,0,0,0,0
"KLRA4",0,0,0,0,0,0,0,0,0,0,0,1,0,0,0,0,0,0
"KLRA7",0,0,0,0,0,0,0,0,0,0,0,1,0,0,0,0,0,0
"KLRA8",0,0,0,0,0,0,0,0,0,0,0,1,0,0,0,0,0,0
"KLRA9",0,0,0,0,0,0,0,0,0,0,0,1,0,0,0,0,0,0
"KLRB1A",0,0,0,0,0,0,0,0,0,0,0,1,0,0,0,0,0,0
"KLRB1B",0,0,0,0,0,0,0,0,0,0,0,1,0,0,0,0,0,0
"KLRB1C",0,0,0,0,0,0,0,0,0,0,0,1,0,0,0,0,0,0
"KLRB1F",0,0,0,0,0,0,0,0,0,0,0,1,0,0,0,0,0,0
"KLRC1",0,0,0,0,0,0,0,0,0,0,0,1,0,0,0,0,0,0
"KLRC2",0,0,0,0,0,0,0,0,0,0,0,1,0,0,0,0,0,0
"KLRD1",0,0,0,0,0,0,0,0,0,0,0,1,0,0,0,0,0,0
"KLRE1",0,0,0,0,0,0,0,0,0,0,0,1,0,0,0,0,0,0
"KLRK1",0,0,0,0,0,0,0,0,0,0,0,1,0,0,0,0,0,0
"LAMB3",0,0,0,0,0,0,0,0,0,0,0,1,0,0,0,0,0,0
"LFNG",0,0,0,0,0,0,0,0,0,0,0,1,0,0,0,0,0,0
"NCR1",0,0,0,0,0,0,0,0,0,0,0,1,0,0,0,0,0,0
"NKG7",0,0,0,0,0,0,0,0,0,0,0,1,0,0,0,0,0,0
"POLE4",0,0,0,0,0,0,0,0,0,0,0,1,0,0,0,0,0,0
"PRF1",0,0,0,0,0,0,0,0,0,0,0,1,0,0,0,0,0,0
"SAMD3",0,0,0,0,0,0,0,0,0,0,0,1,0,0,0,0,0,0
"TBX21",0,0,0,0,0,0,0,0,0,0,0,1,0,0,0,0,0,0
"TXK",0,0,0,0,0,0,0,0,0,0,0,1,0,0,0,0,0,0
"UGCG",0,0,0,0,0,0,0,0,0,0,0,1,0,0,0,0,0,0
"VPS37B",0,0,0,0,0,0,0,0,0,0,0,1,0,0,0,0,0,0
"ACAT1",0,0,0,0,0,1,0,0,0,0,0,0,0,0,0,0,0,0
"ALDH1L1",0,0,0,0,0,1,0,0,0,0,0,0,0,0,0,0,0,0
"ALDOA",0,0,0,0,0,1,0,0,0,0,0,0,0,0,0,0,0,0
"APLP2",0,0,0,0,0,1,0,0,0,0,0,0,0,0,0,0,0,0
"AQP6",0,0,0,0,0,1,0,0,0,0,0,0,0,0,0,0,0,0
"ATP12A",0,0,0,0,0,1,0,0,0,0,0,0,0,0,0,0,0,0
"ATP1B1",0,0,0,0,1,1,0,0,0,0,0,0,1,0,0,0,0,0
"ATP6AP1",0,0,0,0,0,1,0,0,0,0,0,0,0,0,0,0,0,0
"ATP6AP2",0,0,0,0,0,1,0,0,0,0,0,0,0,0,0,0,0,0
"ATP6V0A4",0,0,0,0,0,1,0,0,0,0,0,0,0,0,0,0,0,0
"ATP6V0B",0,0,0,0,0,1,0,0,0,0,0,0,0,0,0,0,0,0
"ATP6V0C",0,0,0,0,0,1,0,0,0,0,0,0,0,0,0,0,0,0
"ATP6V0E",0,0,0,0,0,1,0,0,0,0,0,0,0,0,0,0,0,0
"ATP6V1A",0,0,0,0,0,1,0,0,0,0,0,0,0,0,0,0,0,0
"ATP6V1B1",0,0,0,0,0,1,0,0,0,0,0,0,0,0,0,0,0,0
"ATP6V1C2",0,0,0,0,0,1,0,0,0,0,0,0,0,0,0,0,0,0
"ATP6V1D",0,0,0,0,0,1,0,0,0,0,0,0,0,0,0,0,0,0
"ATP6V1E1",0,0,0,0,0,1,0,0,0,0,0,0,0,0,0,0,0,0
"ATP6V1H",0,0,0,0,0,1,0,0,0,0,0,0,0,0,0,0,0,0
"AVPR1A",0,0,0,0,0,1,0,0,0,0,0,0,0,0,0,0,0,0
"CKMT1",0,0,0,0,0,1,0,0,0,0,0,0,0,0,0,0,0,0
"CLCN5",0,0,0,0,0,1,0,0,0,0,0,0,0,0,0,0,0,0
"COX6A1",0,0,0,0,0,1,0,0,0,0,0,0,0,0,0,0,0,0
"COX6B1",0,0,0,0,0,1,0,0,0,0,0,0,0,0,0,0,0,0
"COX7A2",0,0,0,0,0,1,0,0,0,0,0,0,0,0,0,0,0,0
"CPSF4L",0,0,0,0,0,1,0,0,0,0,0,0,0,0,0,0,0,0
"CYC1",0,0,0,0,0,1,0,0,0,0,0,0,0,0,0,0,0,0
"CYSTM1",0,0,0,0,1,1,0,0,0,0,0,0,0,0,0,0,0,0
"DAB2",0,0,0,0,0,1,0,0,0,0,0,0,0,0,0,0,0,0
"DEFB1",0,0,0,0,0,1,0,0,0,0,0,0,0,0,0,0,0,0
"DKK3",0,0,0,0,0,1,0,0,0,0,0,0,0,0,0,0,0,0
"EFHD1",0,0,0,0,0,1,0,0,0,0,0,0,0,0,0,0,0,0
"EMB",0,0,0,0,0,1,0,0,0,0,0,0,0,0,0,0,0,0
"EPS8",0,0,0,0,0,1,0,0,0,0,0,0,0,0,1,0,0,0
"FOXI1",0,0,0,0,0,1,0,0,0,0,0,0,0,0,0,0,0,0
"FSTL1",0,0,0,0,1,1,0,0,0,0,0,0,0,1,0,0,0,0
"GADD45G",0,0,0,0,0,1,0,0,0,0,0,0,0,0,0,0,0,0
"GM10053",0,0,0,0,0,1,0,0,0,0,0,0,0,0,0,0,0,0
"GM10221",0,0,0,0,0,1,0,0,0,0,0,0,0,0,0,0,0,0
"GUCA2A",0,0,0,0,0,1,0,0,0,0,0,0,0,0,0,0,0,0
"HEXB",0,0,0,0,0,1,0,0,0,0,0,0,0,0,0,0,0,0
"HOOK3",0,0,0,0,0,1,0,0,0,0,0,0,0,0,0,0,0,0
"ID2",0,0,0,0,1,1,0,0,0,0,0,0,1,0,0,0,0,0
"ITPR2",0,0,0,0,0,1,0,0,0,0,0,0,0,0,0,0,0,0
"KIT",0,0,0,0,0,1,0,0,0,0,0,0,0,0,0,0,0,0
"LDHB",0,0,0,0,0,1,0,0,0,0,0,0,0,0,0,0,0,0
"MCOLN3",0,0,0,0,0,1,0,0,0,0,0,0,0,0,0,0,0,0
"MDH1",0,0,0,0,0,1,0,0,0,0,0,0,0,0,0,0,0,0
"MKKS",0,0,0,0,0,1,0,0,0,0,0,0,0,0,0,0,0,0
"NCOA7",0,0,0,0,0,1,0,0,0,0,0,0,0,0,0,0,0,0
"NDUFV2",0,0,0,0,0,1,0,0,0,0,0,0,0,0,0,0,0,0
"OCIAD2",0,0,0,0,0,1,0,0,0,0,0,0,0,0,0,0,0,0
"PAM",0,0,0,0,0,1,0,0,0,0,0,0,0,1,0,0,0,0
"PDE1A",0,0,0,0,0,1,0,0,0,0,0,0,0,0,0,0,0,0
"PGRMC1",0,0,0,0,0,1,0,0,0,0,0,0,0,0,0,0,0,0
"PPARGC1A",0,0,0,0,0,1,0,0,0,0,0,0,0,0,0,0,0,0
"PPFIBP2",0,0,0,0,0,1,0,0,0,0,0,0,0,0,0,0,0,0
"PRDX5",0,0,0,0,0,1,0,0,0,0,0,0,0,0,0,0,0,0
"RALGAPA2",0,0,0,0,0,1,0,0,0,0,0,0,0,0,0,0,0,0
"RCAN2",0,0,0,0,0,1,0,0,0,0,0,0,0,0,1,0,0,0
"RHCG",0,0,0,0,1,1,0,0,0,0,0,0,0,0,0,0,0,0
"RNF152",0,0,0,0,0,1,0,0,0,0,0,0,0,0,0,0,0,0
"S100A1",0,0,0,0,0,1,0,0,0,0,0,0,0,0,0,0,0,0
"S100G",0,0,0,0,0,1,0,0,0,0,0,0,1,0,0,0,0,0
"SCAND1",0,0,0,0,0,1,0,0,0,0,0,0,0,0,0,0,0,0
"SDHD",0,0,0,0,0,1,0,0,0,0,0,0,0,0,0,0,0,0
"SERPINB6B",0,0,0,0,0,1,0,0,0,0,0,0,0,0,0,0,0,0
"SERPINB9",0,0,0,0,0,1,0,0,0,0,0,0,0,0,0,0,0,0
"SLC25A5",0,0,0,0,0,1,0,0,0,0,0,0,0,0,0,0,0,0
"SLC4A9",0,0,0,0,0,1,0,0,0,0,0,0,0,0,0,0,0,0
"SLC9A3R1",0,0,0,0,0,1,0,0,0,0,0,0,0,0,0,0,0,0
"SOD2",0,0,0,0,0,1,0,0,0,0,0,0,0,0,0,0,0,0
"SYN2",0,0,0,0,0,1,0,0,0,0,0,0,0,0,0,0,0,0
"TACC2",0,0,0,0,0,1,0,0,0,0,0,0,0,0,0,0,0,0
"TDRP",0,0,0,0,0,1,0,0,0,0,0,0,0,0,0,0,0,0
"TFCP2L1",0,0,0,0,0,1,0,0,0,0,0,0,0,0,0,0,0,0
"TMBIM4",0,0,0,0,0,1,0,0,0,0,0,0,0,0,0,0,0,0
"TMEM213",0,0,0,0,0,1,0,0,0,0,0,0,0,0,0,0,0,0
"TUBB2A",0,0,0,0,1,1,0,0,0,0,0,0,0,0,0,0,0,0
"UQCR11",0,0,0,0,0,1,0,0,0,0,0,0,0,0,0,0,0,0
"PLET1",0,0,0,0,1,0,0,0,0,0,0,0,0,0,0,0,0,0
"ADH1",0,0,0,0,1,0,0,0,0,0,0,0,0,0,0,0,0,0
"AIF1L",0,0,0,0,1,0,0,0,0,0,0,0,0,0,0,0,0,0
"AKR1B3",0,0,0,0,1,0,0,0,0,0,0,0,0,0,0,0,0,0
"AKR1C19",0,0,0,0,1,0,0,0,0,0,0,0,0,0,0,0,0,0
"AQP4",0,0,0,0,1,0,0,0,0,0,0,0,0,0,0,0,0,0
"ARHGDIB",0,0,0,0,1,0,0,0,0,0,0,0,0,0,0,0,0,0
"BTC",0,0,0,0,1,0,0,0,0,0,0,0,0,0,0,0,0,0
"CDKL1",0,0,0,0,1,0,0,0,0,0,0,0,0,0,0,0,0,0
"CHPT1",0,0,0,0,1,0,0,0,0,0,0,0,0,0,0,0,0,0
"CTSD",0,0,0,0,1,0,0,0,0,0,0,0,0,0,0,0,0,0
"EDARADD",0,0,0,0,1,0,0,0,0,0,0,0,0,0,0,0,0,0
"ELF5",0,0,0,0,1,0,0,0,0,0,0,0,0,0,0,0,0,0
"FOXQ1",0,0,0,0,1,0,0,0,0,0,0,0,0,0,0,0,0,0
"FXYD2",0,0,0,0,1,0,0,0,0,0,0,0,0,0,0,0,0,0
"GJB1",0,0,0,0,1,0,0,0,0,0,0,0,0,0,0,0,0,0
"GSTA3",0,0,0,0,1,0,0,0,0,0,0,0,0,0,0,0,0,0
"HSD3B6",0,0,0,0,1,0,0,0,0,0,0,0,0,0,0,0,0,0
"KRT18",0,0,0,0,1,0,0,0,0,0,0,0,0,0,0,0,1,0
"KRT7",0,0,0,0,1,0,0,0,0,0,0,0,0,0,0,0,1,0
"LDHA",0,0,0,0,1,0,0,0,0,0,0,0,0,0,0,0,0,0
"MALAT1",0,0,0,0,1,0,0,0,0,0,0,0,0,0,0,0,0,0
"MGST3",0,0,0,0,1,0,0,0,0,0,0,0,0,0,1,0,0,0
"NEAT1",0,0,0,0,1,0,0,0,0,0,0,0,0,0,0,0,0,0
"PTGER1",0,0,0,0,1,0,0,0,0,0,0,0,0,0,0,0,0,0
"RANBP3L",0,0,0,0,1,0,0,0,0,0,0,0,0,0,0,0,0,0
"SCG5",0,0,0,0,1,0,0,0,0,0,0,0,0,0,0,0,0,0
"SPINK8",0,0,0,0,1,0,0,0,0,0,0,0,0,0,0,0,0,0
"ALCAM",0,0,0,0,0,0,0,0,0,0,0,0,1,0,0,0,0,0
"ANK3",0,0,0,0,0,0,0,0,0,0,0,0,1,0,0,0,0,0
"APRT",0,0,0,0,0,0,0,0,0,0,0,0,1,0,0,0,0,0
"CDCA7",0,0,0,0,0,0,0,0,0,0,0,0,1,0,0,0,0,0
"DKK1",0,0,0,0,0,0,0,0,0,0,0,0,1,0,0,0,0,0
"ETL4",0,0,0,0,0,0,0,0,0,0,0,0,1,0,0,0,0,0
"FIBIN",0,0,0,0,0,0,0,0,0,0,0,0,1,0,0,0,0,0
"LIG1",0,0,0,0,0,0,0,0,0,0,0,0,1,0,0,0,0,0
"MCM5",0,0,0,0,0,0,0,0,0,0,0,0,1,0,0,0,0,0
"MEST",0,0,0,0,0,0,0,0,0,0,0,0,1,0,0,0,0,0
"NASP",0,0,0,0,0,0,0,0,0,0,0,0,1,0,0,0,0,0
"NSG1",0,0,0,0,0,0,0,0,0,0,0,0,1,0,0,0,0,0
"PCNA",0,0,0,0,0,0,0,0,0,0,0,0,1,0,0,0,0,0
"PCNA-PS2",0,0,0,0,0,0,0,0,0,0,0,0,1,0,0,0,0,0
"PTN",0,0,0,0,0,0,0,0,0,0,0,0,1,0,0,0,0,0
"TSR1",0,0,0,0,0,0,0,0,0,0,0,0,1,0,0,0,0,0
"6330403K07RIK",0,0,0,0,0,0,0,0,0,0,0,0,0,1,0,0,0,0
"ACTA2",0,0,0,0,0,0,0,0,0,0,0,0,0,1,1,0,0,0
"AKAP12",0,0,0,0,0,0,0,0,0,0,0,0,0,1,0,0,0,0
"ALX1",0,0,0,0,0,0,0,0,0,0,0,0,0,1,0,0,0,0
"ANGPT1",0,0,0,0,0,0,0,0,0,0,0,0,0,1,0,0,0,0
"ARL4A",0,0,0,0,0,0,0,0,0,0,0,0,0,1,0,0,0,0
"ATP2B1",0,0,0,0,0,0,0,0,0,0,0,0,0,1,0,0,0,0
"BGN",0,0,0,0,0,0,0,0,0,0,0,0,0,1,0,0,0,0
"BOK",0,0,0,0,0,0,0,0,0,0,0,0,0,1,0,0,0,0
"C430049B03RIK",0,0,0,0,0,0,0,0,0,0,0,0,0,1,0,0,0,0
"CCDC80",0,0,0,0,0,0,0,0,0,0,0,0,0,1,0,0,0,0
"CDH11",0,0,0,0,0,0,0,0,0,0,0,0,0,1,0,0,0,0
"CKB",0,0,0,0,0,0,0,0,0,0,0,0,0,1,0,0,0,0
"CLDN11",0,0,0,0,0,0,0,0,0,0,0,0,0,1,0,0,0,0
"CLMP",0,0,0,0,0,0,0,0,0,0,0,0,0,1,0,0,0,0
"CMTM3",0,0,0,0,0,0,0,0,0,0,0,0,0,1,0,0,0,0
"CNN2",0,0,0,0,0,0,0,0,0,0,0,0,0,1,0,0,0,0
"COL16A1",0,0,0,0,0,0,0,0,0,0,0,0,0,1,0,0,0,0
"COL1A1",0,0,0,0,0,0,0,0,0,0,0,0,0,1,0,0,0,0
"COL23A1",0,0,0,0,0,0,0,0,0,0,0,0,0,1,0,0,0,0
"COL3A1",0,0,0,0,0,0,0,0,0,0,0,0,0,1,0,0,0,0
"COL5A1",0,0,0,0,0,0,0,0,0,0,0,0,0,1,0,0,0,0
"COL6A1",0,0,0,0,0,0,0,0,0,0,0,0,0,1,0,0,0,0
"COLEC12",0,0,0,0,0,0,0,0,0,0,0,0,0,1,0,0,0,0
"CSRP1",0,0,0,0,0,0,0,0,0,0,0,0,0,1,0,0,0,0
"CUX1",0,0,0,0,0,0,0,0,0,0,0,0,0,1,0,0,0,0
"CXCL12",0,0,0,0,0,0,0,0,0,0,0,0,0,1,0,0,0,0
"CXCL14",0,0,0,0,0,0,0,0,0,0,0,0,0,1,0,0,0,0
"CYBA",0,0,0,0,0,0,0,0,0,0,0,0,0,1,0,0,0,0
"DCLK1",0,0,0,0,0,0,0,0,0,0,0,0,0,1,0,0,0,0
"DCN",0,0,0,0,0,0,0,0,0,0,0,0,0,1,0,0,0,0
"DNAJC5",0,0,0,0,0,0,0,0,0,0,0,0,0,1,0,0,0,0
"EDN3",0,0,0,0,0,0,0,0,0,0,0,0,0,1,0,0,0,0
"EFEMP2",0,0,0,0,0,0,0,0,0,0,0,0,0,1,0,0,0,0
"EID1",0,0,0,0,0,0,0,0,0,0,0,0,0,1,0,0,0,0
"EPHA4",0,0,0,0,0,0,0,0,0,0,0,0,0,1,0,0,0,0
"FBLIM1",0,0,0,0,0,0,0,0,0,0,0,0,0,1,0,0,0,0
"FBLN5",0,0,0,0,0,0,0,0,0,0,0,0,0,1,0,0,0,0
"FLRT2",0,0,0,0,0,0,0,0,0,0,0,0,0,1,0,0,0,0
"GAS6",0,0,0,0,0,0,0,0,0,0,0,0,0,1,0,0,0,0
"GM1673",0,0,0,0,0,0,0,0,0,0,0,0,0,1,0,0,0,0
"GNG2",0,0,0,0,0,0,0,0,0,0,0,0,0,1,0,0,0,0
"HEPH",0,0,0,0,0,0,0,0,0,0,0,0,0,1,0,0,0,0
"HOXA10",0,0,0,0,0,0,0,0,0,0,0,0,0,1,0,0,0,0
"HOXA11",0,0,0,0,0,0,0,0,0,0,0,0,0,1,0,0,0,0
"HOXA9",0,0,0,0,0,0,0,0,0,0,0,0,0,1,0,0,0,0
"HOXD10",0,0,0,0,0,0,0,0,0,0,0,0,0,1,0,0,0,0
"HOXD11",0,0,0,0,0,0,0,0,0,0,0,0,0,1,0,0,0,0
"HTRA3",0,0,0,0,0,0,0,0,0,0,0,0,0,1,0,0,0,0
"ID4",0,0,0,0,0,0,0,0,0,0,0,0,0,1,0,0,0,0
"IGFBP2",0,0,0,0,0,0,0,0,0,0,0,0,0,1,0,0,0,0
"IGFBP4",0,0,0,0,0,0,0,0,0,0,0,0,0,1,0,0,0,0
"KDELR3",0,0,0,0,0,0,0,0,0,0,0,0,0,1,0,0,0,0
"KLHL13",0,0,0,0,0,0,0,0,0,0,0,0,0,1,0,0,0,0
"LAMA2",0,0,0,0,0,0,0,0,0,0,0,0,0,1,0,0,0,0
"LBH",0,0,0,0,0,0,0,0,0,0,0,0,0,1,0,0,0,0
"LGALS1",0,0,0,0,0,0,0,0,0,0,0,0,0,1,0,0,0,0
"LHFPL2",0,0,0,0,0,0,0,0,0,0,0,0,0,1,0,0,0,0
"LMO4",0,0,0,0,0,0,0,0,0,0,0,0,0,1,0,0,0,0
"LOX",0,0,0,0,0,0,0,0,0,0,0,0,0,1,0,0,0,0
"LRRIQ1",0,0,0,0,0,0,0,0,0,0,0,0,0,1,0,0,0,0
"LSP1",0,0,0,0,0,0,0,0,0,0,0,0,0,1,0,0,0,0
"MAP1B",0,0,0,0,0,0,0,0,0,0,0,0,0,1,0,0,0,0
"MEG3",0,0,0,0,0,0,0,0,0,0,0,0,0,1,0,0,0,0
"MFAP4",0,0,0,0,0,0,0,0,0,0,0,0,0,1,0,0,0,0
"MFAP5",0,0,0,0,0,0,0,0,0,0,0,0,0,1,0,0,0,0
"MLLT3",0,0,0,0,0,0,0,0,0,0,0,0,0,1,0,0,0,0
"MMP2",0,0,0,0,0,0,0,0,0,0,0,0,0,1,0,0,0,0
"MYL9",0,0,0,0,0,0,0,0,0,0,0,0,0,1,1,0,0,0
"NAV3",0,0,0,0,0,0,0,0,0,0,0,0,0,1,0,0,0,0
"NCALD",0,0,0,0,0,0,0,0,0,0,0,0,0,1,0,0,0,0
"NCAM1",0,0,0,0,0,0,0,0,0,0,0,0,0,1,0,0,0,0
"NEGR1",0,0,0,0,0,0,0,0,0,0,0,0,0,1,0,0,0,0
"NEXN",0,0,0,0,0,0,0,0,0,0,0,0,0,1,0,0,0,0
"NFAT5",0,0,0,0,0,0,0,0,0,0,0,0,0,1,0,0,0,0
"NKAIN4",0,0,0,0,0,0,0,0,0,0,0,0,0,1,0,0,0,0
"NKD1",0,0,0,0,0,0,0,0,0,0,0,0,0,1,0,0,0,0
"NKD2",0,0,0,0,0,0,0,0,0,0,0,0,0,1,0,0,0,0
"NNAT",0,0,0,0,0,0,0,0,0,0,0,0,0,1,0,0,0,0
"NREP",0,0,0,0,0,0,0,0,0,0,0,0,0,1,0,0,0,0
"NTM",0,0,0,0,0,0,0,0,0,0,0,0,0,1,0,0,0,0
"NTS",0,0,0,0,0,0,0,0,0,0,0,0,0,1,0,0,0,0
"OAF",0,0,0,0,0,0,0,0,0,0,0,0,0,1,0,0,0,0
"OGFRL1",0,0,0,0,0,0,0,0,0,0,0,0,0,1,0,0,0,0
"OGN",0,0,0,0,0,0,0,0,0,0,0,0,0,1,0,0,0,0
"OLFML3",0,0,0,0,0,0,0,0,0,0,0,0,0,1,0,0,0,0
"PALLD",0,0,0,0,0,0,0,0,0,0,0,0,0,1,0,0,0,0
"PCDHGA9",0,0,0,0,0,0,0,0,0,0,0,0,0,1,0,0,0,0
"PDGFRA",0,0,0,0,0,0,0,0,0,0,0,0,0,1,0,0,0,0
"PENK",0,0,0,0,0,0,0,0,0,0,0,0,0,1,0,0,0,0
"PFN2",0,0,0,0,0,0,0,0,0,0,0,0,0,1,0,0,0,0
"PJA1",0,0,0,0,0,0,0,0,0,0,0,0,0,1,0,0,0,0
"PLA2G4A",0,0,0,0,0,0,0,0,0,0,0,0,0,1,0,0,0,0
"PMP22",0,0,0,0,0,0,0,0,0,0,0,0,0,1,0,0,0,0
"POSTN",0,0,0,0,0,0,0,0,0,0,0,0,0,1,0,0,0,0
"PROM1",0,0,0,0,0,0,0,0,0,0,0,0,0,1,0,0,0,0
"PRSS23",0,0,0,0,0,0,0,0,0,0,0,0,0,1,0,0,0,0
"RAB34",0,0,0,0,0,0,0,0,0,0,0,0,0,1,0,0,0,0
"RARB",0,0,0,0,0,0,0,0,0,0,0,0,0,1,0,0,0,0
"RARRES2",0,0,0,0,0,0,0,0,0,0,0,0,0,1,0,0,0,0
"RCN3",0,0,0,0,0,0,0,0,0,0,0,0,0,1,0,0,0,0
"RRBP1",0,0,0,0,0,0,0,0,0,0,0,0,0,1,0,0,0,0
"S100A10",0,0,0,0,0,0,0,0,0,0,0,0,0,1,0,0,0,0
"SCT",0,0,0,0,0,0,0,0,0,0,0,0,0,1,0,0,0,0
"SDF4",0,0,0,0,0,0,0,0,0,0,0,0,0,1,0,0,0,0
"SEMA3A",0,0,0,0,0,0,0,0,0,0,0,0,0,1,0,0,0,0
"SEMA3C",0,0,0,0,0,0,0,0,0,0,0,0,0,1,0,0,0,0
"SEMA5A",0,0,0,0,0,0,0,0,0,0,0,0,0,1,0,0,0,0
"SFRP1",0,0,0,0,0,0,0,0,0,0,0,0,0,1,0,0,0,0
"SMOC2",0,0,0,0,0,0,0,0,0,0,0,0,0,1,0,0,0,0
"SVIL",0,0,0,0,0,0,0,0,0,0,0,0,0,1,0,0,0,0
"SYN3",0,0,0,0,0,0,0,0,0,0,0,0,0,1,0,0,0,0
"TAGLN",0,0,0,0,0,0,0,0,0,0,0,0,0,1,1,0,0,0
"TANC1",0,0,0,0,0,0,0,0,0,0,0,0,0,1,0,0,0,0
"TEAD1",0,0,0,0,0,0,0,0,0,0,0,0,0,1,0,0,0,0
"TGFB1I1",0,0,0,0,0,0,0,0,0,0,0,0,0,1,0,0,0,0
"THBS1",0,0,0,0,0,0,0,0,0,0,0,0,0,1,0,0,0,0
"THBS2",0,0,0,0,0,0,0,0,0,0,0,0,0,1,0,0,0,0
"THSD4",0,0,0,0,0,0,0,0,0,0,0,0,0,1,0,0,0,0
"THY1",0,0,0,0,0,0,0,0,0,0,0,0,0,1,0,0,0,0
"TMEM47",0,0,0,0,0,0,0,0,0,0,0,0,0,1,0,0,0,0
"TMSB4X",0,0,0,0,0,0,0,0,0,0,0,0,0,1,0,0,0,0
"TMTC4",0,0,0,0,0,0,0,0,0,0,0,0,0,1,0,0,0,0
"TNC",0,0,0,0,0,0,0,0,0,0,0,0,0,1,0,0,0,0
"TRPS1",0,0,0,0,0,0,0,0,0,0,0,0,0,1,0,0,0,0
"TSHZ3",0,0,0,0,0,0,0,0,0,0,0,0,0,1,0,0,0,0
"WDR1",0,0,0,0,0,0,0,0,0,0,0,0,0,1,0,0,0,0
"WNT11",0,0,0,0,0,0,0,0,0,0,0,0,0,1,0,0,0,0
"WNT4",0,0,0,0,0,0,0,0,0,0,0,0,0,1,0,0,0,0
"WNT5A",0,0,0,0,0,0,0,0,0,0,0,0,0,1,0,0,0,0
"ZEB2",0,0,0,0,0,0,0,0,0,0,0,0,0,1,0,0,0,0
"ZFP503",0,0,0,0,0,0,0,0,0,0,0,0,0,1,0,0,0,0
"ZSWIM6",0,0,0,0,0,0,0,0,0,0,0,0,0,1,0,0,0,0
"2810025M15RIK",0,0,0,0,0,0,0,0,0,0,0,0,0,0,1,0,0,0
"ABI2",0,0,0,0,0,0,0,0,0,0,0,0,0,0,1,0,0,0
"ADAM9",0,0,0,0,0,0,0,0,0,0,0,0,0,0,1,0,0,0
"ADCY6",0,0,0,0,0,0,0,0,0,0,0,0,0,0,1,0,0,0
"AFAP1L2",0,0,0,0,0,0,0,0,0,0,0,0,0,0,1,0,0,0
"AGTR1A",0,0,0,0,0,0,0,0,0,0,0,0,0,0,1,0,0,0
"AIRN",0,0,0,0,0,0,0,0,0,0,0,0,0,0,1,0,0,0
"AKR1B7",0,0,0,0,0,0,0,0,0,0,0,0,0,0,1,0,0,0
"ALAD",0,0,0,0,0,0,0,0,0,0,0,0,0,0,1,0,0,0
"ANO1",0,0,0,0,0,0,0,0,0,0,0,0,0,0,1,0,0,0
"AOC3",0,0,0,0,0,0,0,0,0,0,0,0,0,0,1,0,0,0
"APP",0,0,0,0,0,0,0,0,0,0,0,0,0,0,1,0,0,0
"ARPC1B",0,0,0,0,0,0,0,0,0,0,0,0,0,0,1,0,0,0
"ARPC2",0,0,0,0,0,0,0,0,0,0,0,0,0,0,1,0,0,0
"ARPC5",0,0,0,0,0,0,0,0,0,0,0,0,0,0,1,0,0,0
"ART3",0,0,0,0,0,0,0,0,0,0,0,0,0,0,1,0,0,0
"ATP1B2",0,0,0,0,0,0,0,0,0,0,0,0,0,0,1,0,0,0
"BLMH",0,0,0,0,0,0,0,0,0,0,0,0,0,0,1,0,0,0
"BNIP2",0,0,0,0,0,0,0,0,0,0,0,0,0,0,1,0,0,0
"BTG1",0,0,0,0,0,0,0,0,0,0,0,0,0,0,1,0,0,0
"CALM1",0,0,0,0,0,0,0,0,0,0,0,0,0,0,1,0,0,0
"CAMTA1",0,0,0,0,0,0,0,0,0,0,0,0,0,0,1,0,0,0
"CBFA2T3",0,0,0,0,0,0,0,0,0,0,0,0,0,0,1,0,0,0
"CCND1",0,0,0,0,0,0,0,0,0,0,0,0,0,0,1,0,0,0
"CD248",0,0,0,0,0,0,0,0,0,0,0,0,0,0,1,0,0,0
"CD9",0,0,0,0,0,0,0,0,0,0,0,0,0,0,1,0,1,0
"CEP112",0,0,0,0,0,0,0,0,0,0,0,0,0,0,1,0,0,0
"CHP1",0,0,0,0,0,0,0,0,0,0,0,0,0,0,1,0,0,0
"CITED2",0,0,0,0,0,0,0,0,0,0,0,0,0,0,1,0,0,0
"CERT1",0,0,0,0,0,0,0,0,0,0,0,0,0,0,1,0,0,0
"CPD",0,0,0,0,0,0,0,0,0,0,0,0,0,0,1,0,0,0
"CPM",0,0,0,0,0,0,0,0,0,0,0,0,0,0,1,0,0,0
"CRIP1",0,0,0,0,0,0,0,0,0,0,0,0,0,0,1,0,0,0
"CSNK1E",0,0,0,0,0,0,0,0,0,0,0,0,0,0,1,0,0,0
"CSPG4",0,0,0,0,0,0,0,0,0,0,0,0,0,0,1,0,0,0
"CSRP2",0,0,0,0,0,0,0,0,0,0,0,0,0,0,1,0,0,0
"CYB5R3",0,0,0,0,0,0,0,0,0,0,0,0,0,0,1,0,0,0
"DBI",0,0,0,0,0,0,0,0,0,0,0,0,0,0,1,0,0,0
"DDAH1",0,0,0,0,0,0,0,0,0,0,0,0,0,0,1,0,0,0
"DES",0,0,0,0,0,0,0,0,0,0,0,0,0,0,1,0,0,0
"DSTN",0,0,0,0,0,0,0,0,0,0,0,0,0,0,1,0,0,0
"EMID1",0,0,0,0,0,0,0,0,0,0,0,0,0,0,1,0,0,0
"ETS1",0,0,0,0,0,0,0,0,0,0,0,0,0,0,1,0,0,0
"FABP5",0,0,0,0,0,0,0,0,0,0,0,0,0,0,1,0,0,0
"FAM107B",0,0,0,0,0,0,0,0,0,0,0,0,0,0,1,0,0,0
"FAM162A",0,0,0,0,0,0,0,0,0,0,0,0,0,0,1,0,0,0
"FAM81A",0,0,0,0,0,0,0,0,0,0,0,0,0,0,1,0,0,0
"FERMT2",0,0,0,0,0,0,0,0,0,0,0,0,0,0,1,0,0,0
"FHL1",0,0,0,0,0,0,0,0,0,0,0,0,0,0,1,0,0,0
"FRMD6",0,0,0,0,0,0,0,0,0,0,0,0,0,0,1,0,0,0
"GATA3",0,0,0,0,0,0,0,0,0,0,0,0,0,0,1,0,0,0
"GJA5",0,0,0,0,0,0,0,0,0,0,0,0,0,0,1,0,0,0
"GJC1",0,0,0,0,0,0,0,0,0,0,0,0,0,0,1,0,0,0
"GM13889",0,0,0,0,0,0,0,0,0,0,0,0,0,0,1,0,0,0
"GNAI1",0,0,0,0,0,0,0,0,0,0,0,0,0,0,1,0,0,0
"GNAS",0,0,0,0,0,0,0,0,0,0,0,0,0,0,1,0,0,0
"HBEGF",0,0,0,0,0,0,0,0,0,0,0,0,0,0,1,0,0,1
"HEYL",0,0,0,0,0,0,0,0,0,0,0,0,0,0,1,0,0,0
"HIP1",0,0,0,0,0,0,0,0,0,0,0,0,0,0,1,0,0,0
"HMG20B",0,0,0,0,0,0,0,0,0,0,0,0,0,0,1,0,0,0
"HMGCS2",0,0,0,0,0,0,0,0,0,0,0,0,0,0,1,0,0,0
"HOPX",0,0,0,0,0,0,0,0,0,0,0,0,0,0,1,0,0,0
"HS3ST3B1",0,0,0,0,0,0,0,0,0,0,0,0,0,0,1,0,0,0
"HTATSF1",0,0,0,0,0,0,0,0,0,0,0,0,0,0,1,0,0,0
"IGF2",0,0,0,0,0,0,0,0,0,0,0,0,0,0,1,0,0,0
"IL13RA1",0,0,0,0,0,0,0,0,0,0,0,0,0,0,1,0,0,0
"ILK",0,0,0,0,0,0,0,0,0,0,0,0,0,0,1,0,0,0
"IQGAP1",0,0,0,0,0,0,0,0,0,0,0,0,0,0,1,0,0,0
"ITGA1",0,0,0,0,0,0,0,0,0,0,0,0,0,0,1,0,0,0
"ITGA4",0,0,0,0,0,0,0,0,0,0,0,0,0,0,1,0,0,0
"JAG1",0,0,0,0,0,0,0,0,0,0,0,0,0,0,1,0,0,0
"KCNJ8",0,0,0,0,0,0,0,0,0,0,0,0,0,0,1,0,0,0
"LGALSL",0,0,0,0,0,0,0,0,0,0,0,0,0,0,1,0,0,0
"LIMD1",0,0,0,0,0,0,0,0,0,0,0,0,0,0,1,0,0,0
"LMNA",0,0,0,0,0,0,0,0,0,0,0,0,0,0,1,0,0,0
"LMO7",0,0,0,0,0,0,0,0,0,0,0,0,0,0,1,0,0,0
"LPP",0,0,0,0,0,0,0,0,0,0,0,0,0,0,1,0,0,0
"MAP3K7CL",0,0,0,0,0,0,0,0,0,0,0,0,0,0,1,0,0,0
"MCAM",0,0,0,0,0,0,0,0,0,0,0,0,0,0,1,0,0,0
"MECOM",0,0,0,0,0,0,0,0,0,0,0,0,0,0,1,0,0,0
"MUSTN1",0,0,0,0,0,0,0,0,0,0,0,0,0,0,1,0,0,0
"MYH11",0,0,0,0,0,0,0,0,0,0,0,0,0,0,1,0,0,0
"MYLIP",0,0,0,0,0,0,0,0,0,0,0,0,0,0,1,0,0,0
"MYO1B",0,0,0,0,0,0,0,0,0,0,0,0,0,0,1,0,0,0
"NAB1",0,0,0,0,0,0,0,0,0,0,0,0,0,0,1,0,0,0
"NDRG2",0,0,0,0,0,0,0,0,0,0,0,0,0,0,1,0,0,0
"NDUFA4L2",0,0,0,0,0,0,0,0,0,0,0,0,0,0,1,0,0,0
"NOTCH3",0,0,0,0,0,0,0,0,0,0,0,0,0,0,1,0,0,0
"NRARP",0,0,0,0,0,0,0,0,0,0,0,0,0,0,1,0,0,0
"PCP4L1",0,0,0,0,0,0,0,0,0,0,0,0,0,0,1,0,0,0
"PDGFA",0,0,0,0,0,0,0,0,0,0,0,0,0,0,1,0,0,0
"PDGFRB",0,0,0,0,0,0,0,0,0,0,0,0,0,0,1,0,0,0
"PFN1",0,0,0,0,0,0,0,0,0,0,0,0,0,0,1,0,0,0
"PHTF2",0,0,0,0,0,0,0,0,0,0,0,0,0,0,1,0,0,0
"PKIG",0,0,0,0,0,0,0,0,0,0,0,0,0,0,1,0,0,0
"PLS3",0,0,0,0,0,0,0,0,0,0,0,0,0,0,1,0,0,0
"PPP1R12A",0,0,0,0,0,0,0,0,0,0,0,0,0,0,1,0,0,0
"PSEN2",0,0,0,0,0,0,0,0,0,0,0,0,0,0,1,0,0,0
"RAP2A",0,0,0,0,0,0,0,0,0,0,0,0,0,0,1,0,0,0
"RASGRP2",0,0,0,0,0,0,0,0,0,0,0,0,0,0,1,0,0,0
"RERGL",0,0,0,0,0,0,0,0,0,0,0,0,0,0,1,0,0,0
"RGS3",0,0,0,0,0,0,0,0,0,0,0,0,0,0,1,0,0,0
"RGS5",0,0,0,0,0,0,0,0,0,0,0,0,0,0,1,0,0,0
"ROBO1",0,0,0,0,0,0,0,0,0,0,0,0,0,0,1,0,0,0
"RSU1",0,0,0,0,0,0,0,0,0,0,0,0,0,0,1,0,0,0
"S100A13",0,0,0,0,0,0,0,0,0,0,0,0,0,0,1,0,0,0
"SERINC3",0,0,0,0,0,0,0,0,0,0,0,0,0,0,1,0,0,0
"SERPINI1",0,0,0,0,0,0,0,0,0,0,0,0,0,0,1,0,0,0
"SFRP2",0,0,0,0,0,0,0,0,0,0,0,0,0,0,1,0,0,0
"SH2B3",0,0,0,0,0,0,0,0,0,0,0,0,0,0,1,0,0,0
"SLC12A2",0,0,0,0,0,0,0,0,0,0,0,0,0,0,1,0,0,0
"SORBS2",0,0,0,0,0,0,0,0,0,0,0,0,0,0,1,0,0,0
"STEAP4",0,0,0,0,0,0,0,0,0,0,0,0,0,0,1,0,0,0
"TAGLN2",0,0,0,0,0,0,0,0,0,0,0,0,0,0,1,0,0,0
"TGFB2",0,0,0,0,0,0,0,0,0,0,0,0,0,0,1,0,0,0
"TM4SF1",0,0,0,0,0,0,0,0,0,0,0,0,0,0,1,0,0,0
"TNS1",0,0,0,0,0,0,0,0,0,0,0,0,0,0,1,0,0,0
"TNS3",0,0,0,0,0,0,0,0,0,0,0,0,0,0,1,0,0,0
"TPM2",0,0,0,0,0,0,0,0,0,0,0,0,0,0,1,0,0,0
"UBA2",0,0,0,0,0,0,0,0,0,0,0,0,0,0,1,0,0,0
"VASP",0,0,0,0,0,0,0,0,0,0,0,0,0,0,1,0,0,0
"VCL",0,0,0,0,0,0,0,0,0,0,0,0,0,0,1,0,0,0
"VIM",0,0,0,0,0,0,0,0,0,0,0,0,0,0,1,0,0,0
"ZFHX3",0,0,0,0,0,0,0,0,0,0,0,0,0,0,1,0,0,0
"RTL8A",1,0,0,0,0,0,0,0,0,0,0,0,0,0,0,0,0,0
"RFLNA",1,0,0,0,0,0,0,0,0,0,0,0,0,0,0,0,0,0
"INKA1",1,0,0,0,0,0,0,0,0,0,0,0,0,0,0,0,0,0
"TLNRD1",1,0,0,0,0,0,0,0,0,0,0,0,0,0,0,0,0,0
"CAVIN3",1,0,0,0,0,0,0,0,0,0,0,0,0,0,1,0,0,0
"CAVIN2",1,0,0,0,0,0,0,0,0,0,0,0,0,1,0,0,0,0
"SELENOM",1,0,0,0,0,0,0,0,0,0,0,0,0,0,0,0,0,0
"CEMIP2",1,0,0,0,0,0,0,0,0,0,0,0,0,0,0,0,0,0
"AOPEP",0,1,0,0,0,0,0,0,0,0,0,0,0,0,0,0,0,0
"CCN2",0,1,0,0,0,0,0,0,0,0,0,0,0,0,1,0,0,0
"RIPOR1",0,1,0,0,0,0,0,0,0,0,0,0,0,0,0,0,0,0
"CAVIN1",0,1,0,0,0,0,0,0,0,0,0,0,0,0,1,0,0,0
"ELOB",0,1,0,0,0,0,0,0,0,0,0,0,0,0,0,0,0,0
"METTL26",0,0,0,1,0,0,0,0,0,0,0,0,0,0,0,0,0,0
"NAT8F1",0,0,0,1,0,0,0,0,0,0,0,0,0,0,0,0,0,0
"NAT8F6",0,0,0,1,0,0,0,0,0,0,0,0,0,0,0,0,0,0
"RIDA",0,0,0,1,0,0,0,0,0,0,0,0,0,0,0,0,0,0
"MCUB",0,0,0,0,0,0,0,1,0,0,0,0,0,0,0,0,0,0
"IFI213",0,0,1,0,0,0,0,0,0,0,0,0,0,0,0,0,0,0
"SELENOP",0,0,1,0,0,0,0,0,0,0,0,0,0,0,0,0,0,0
"RAB5IF",0,0,0,0,0,0,0,0,1,0,0,0,0,0,0,0,0,0
"JAML",0,0,0,0,0,0,0,0,1,0,0,0,0,0,0,0,0,0
"CSTDC4",0,0,0,0,0,0,0,0,1,0,0,0,0,0,0,0,0,0
"ELP1",0,0,0,0,0,0,0,0,1,0,0,0,0,0,0,0,0,0
"TENT5C",0,0,0,0,0,0,0,0,0,1,0,0,0,0,0,0,0,0
"GM30211",0,0,0,0,0,0,0,0,0,1,0,0,0,0,0,0,0,0
"GM31243",0,0,0,0,0,0,0,0,0,1,0,0,0,0,0,0,0,0
"MINDY1",0,0,0,0,0,1,0,0,0,0,0,0,0,0,0,0,0,0
"ADGRF5",0,0,0,0,0,1,0,0,0,0,0,0,0,0,0,0,0,0
"ATP5MD",0,0,0,0,0,1,0,0,0,0,0,0,0,0,0,0,0,0
"SLF2",0,0,0,0,0,0,0,0,0,0,0,0,1,0,0,0,0,0
"SNHG18",0,0,0,0,0,0,0,0,0,0,0,0,0,1,0,0,0,0
"EPB41L2",0,0,0,0,0,0,0,0,0,0,0,0,0,1,0,0,0,0
"RFLNB",0,0,0,0,0,0,0,0,0,0,0,0,0,1,0,0,0,0
"SELENOS",0,0,0,0,0,0,0,0,0,0,0,0,0,1,0,0,0,0
"TCAF1",0,0,0,0,0,0,0,0,0,0,0,0,0,0,1,0,0,0
"ADGRG6",0,0,0,0,0,0,0,0,0,0,0,0,0,0,1,0,0,0
"CARMN",0,0,0,0,0,0,0,0,0,0,0,0,0,0,1,0,0,0
"LTO1",0,0,0,0,0,0,0,0,0,0,0,0,0,0,1,0,0,0
"MAP3K20",0,0,0,0,0,0,0,0,0,0,0,0,0,0,1,0,0,0
"TMEM52B",0,0,0,1,0,0,0,0,0,0,0,0,0,0,0,0,0,0
"CLU",0,0,0,1,0,0,0,0,0,0,0,0,0,0,0,0,0,0
"IFRD1",0,0,0,0,1,0,0,0,0,0,0,0,0,0,0,0,0,1
"TMSB10",0,0,1,0,0,0,0,0,0,0,1,0,0,0,0,0,0,0
"EGF",0,0,0,0,0,0,0,0,0,0,0,0,0,0,0,1,0,0
"SLC12A1",0,0,0,0,0,0,0,0,0,0,0,0,0,0,0,1,0,0
"PPP1R1A",0,0,0,0,0,0,0,0,0,0,0,0,0,0,0,1,0,0
"KNG2",0,0,0,0,0,0,0,0,0,0,0,0,0,0,0,1,0,0
"CTSS",0,0,1,0,0,0,0,0,0,0,0,0,0,0,0,0,0,0
"CD52",0,0,1,0,0,0,0,0,0,0,0,0,0,0,0,0,0,0
"UPK3A",0,0,0,0,0,0,0,0,0,0,0,0,0,0,0,0,1,0
"UPK1A",0,0,0,0,0,0,0,0,0,0,0,0,0,0,0,0,1,0
"PSCA",0,0,0,0,0,0,0,0,0,0,0,0,0,0,0,0,1,0
"UPK2",0,0,0,0,0,0,0,0,0,0,0,0,0,0,0,0,1,0
"KRT19",0,0,0,0,0,0,0,0,0,0,0,0,0,0,0,0,1,0
"SPRR1A",0,0,0,0,0,0,0,0,0,0,0,0,0,0,0,0,1,0
"KRT8",0,0,0,0,0,0,0,0,0,0,0,0,0,0,0,0,1,1
"GSTO1",0,0,0,0,0,0,0,0,0,0,0,0,0,0,0,0,1,0
"IGKC",0,0,0,0,0,0,0,0,0,1,0,0,0,0,0,0,0,0
