"","Monocyte","Hormone Sensing Differentiated Cell","Alveolar","Basal Cell","Epithelial Cell","Fibroblast","Muscle Cell","Mast Cell","T Cell","Endothelial Cell","B Cell","Killer Cell","Myeloid Leukocyte","Dividing Cell","Stem And Progenitor Cell"
"Aldh1a3",1,0,0,0,0,0,0,0,0,0,0,0,0,0,0
"Cd14",1,0,0,0,0,0,0,0,0,0,0,0,0,0,0
"Cited1",1,1,0,0,1,0,0,0,0,0,0,0,0,0,0
"Esr1",1,1,0,0,0,0,0,0,0,0,0,0,0,0,0
"Kit",1,0,0,0,0,0,0,0,0,0,0,0,0,0,0
"Pgr",1,1,0,0,0,0,0,0,0,0,0,0,0,0,0
"Prlr",1,1,0,0,1,0,0,0,0,0,0,0,0,0,0
"S100a6",1,1,0,0,1,1,1,0,0,0,0,0,0,0,0
"Csn2",1,0,1,0,0,0,0,0,0,0,0,0,0,0,0
"Glycam1",1,0,1,0,0,0,0,0,0,0,0,0,0,0,0
"Lalba",1,0,1,0,0,0,0,0,0,0,0,0,0,0,0
"Wap",1,0,1,0,0,0,0,0,0,0,0,0,0,0,0
"Acta2",0,0,0,1,1,0,1,0,0,0,0,0,0,0,0
"Etv5",0,0,0,1,0,0,0,0,0,0,0,0,0,0,0
"Krt14",0,0,0,1,1,0,0,0,0,0,0,0,0,0,0
"Krt4",0,0,0,1,1,0,0,0,0,0,0,0,0,0,0
"Pdpn",0,0,0,1,0,0,0,0,0,0,0,0,0,0,0
"Oxtr",0,0,0,0,1,0,0,0,0,0,0,0,0,0,0
"Gng11",0,0,0,1,0,0,0,0,0,0,0,0,0,0,0
"Igfbp4",0,0,0,1,0,1,0,0,0,0,0,0,0,0,0
"Procr",0,0,0,1,0,0,0,0,0,0,0,0,0,0,0
"Zeb2",0,0,0,1,0,0,0,0,0,0,0,0,0,0,0
"Fxyd2",0,0,0,0,1,0,0,0,0,0,0,0,0,0,0
"Wfdc2",1,0,0,0,1,0,0,0,0,0,0,0,0,0,0
"Krt19",1,0,0,0,1,0,0,0,0,0,0,0,0,0,0
"Glul",1,0,0,0,1,0,0,0,0,0,0,0,0,0,0
"Cd164",0,0,0,0,1,0,0,0,0,0,0,0,0,0,0
"Krt18",1,0,1,0,1,0,0,0,0,0,0,0,0,0,0
"Krt8",1,0,1,0,1,0,0,0,0,0,0,0,0,0,0
"Tmed3",1,0,0,0,1,0,0,0,0,0,0,0,0,0,0
"Cd9",1,0,1,0,1,0,0,0,0,0,0,0,0,0,0
"Cd24a",0,0,0,0,1,0,0,0,0,0,0,0,0,0,0
"Ctsk",0,0,0,0,0,1,0,0,0,0,0,0,0,0,0
"Lum",0,0,0,0,0,1,0,0,0,0,0,0,0,0,0
"Mmp2",0,0,0,0,0,1,1,0,0,0,0,0,0,0,0
"Col1a2",0,0,0,0,0,1,1,0,0,0,0,0,0,0,0
"Col3a1",0,0,0,0,0,1,1,0,0,0,0,0,0,0,0
"Col1a1",0,0,0,0,0,1,0,0,0,0,0,0,0,0,0
"Aebp1",0,0,0,0,0,1,0,0,0,0,0,0,0,0,0
"Serpinf1",0,0,0,0,0,1,0,0,0,0,0,0,0,0,0
"Igfbp7",0,0,0,0,0,1,0,0,0,1,0,0,0,0,0
"Apod",0,0,0,0,0,1,0,0,0,0,0,0,0,0,0
"Lpl",0,0,0,0,0,1,0,0,0,0,0,0,0,0,0
"Ogn",0,0,0,0,0,0,1,0,0,0,0,0,0,0,0
"Igfbp6",0,0,0,0,0,1,1,0,0,0,0,0,0,0,0
"Ly6c1",0,0,0,0,0,0,1,0,0,1,0,0,0,0,0
"Fstl1",0,0,0,0,0,1,1,0,0,0,0,0,0,0,0
"Serping1",0,0,0,0,0,1,1,0,0,0,0,0,0,0,0
"Timp2",0,0,0,0,0,0,1,0,0,0,0,0,0,0,0
"Csn1s1",0,0,1,0,0,0,0,0,0,0,0,0,0,0,0
"Fxyd3",1,0,1,0,0,0,0,0,0,0,0,0,0,0,0
"Hp",0,0,1,0,0,0,0,0,0,0,0,0,0,0,0
"Igfbp5",1,0,1,0,0,0,0,0,0,0,0,0,0,0,0
"Clu",1,0,1,0,0,0,0,0,0,0,0,0,0,0,0
"Wfdc18",1,0,1,0,0,0,0,0,0,0,0,0,0,0,0
"Mgst1",1,0,1,0,0,1,0,0,0,0,0,0,0,0,0
"Tyrobp",1,0,0,0,0,0,0,0,0,0,0,1,0,0,0
"Fcer1g",1,0,0,0,0,0,0,0,0,0,0,0,0,0,0
"H2-Eb1",1,0,0,0,0,0,0,0,0,0,0,0,0,0,0
"Lsp1",1,0,0,0,0,0,0,0,0,0,0,0,0,0,0
"Cpa3",0,0,0,0,0,0,0,1,0,0,0,0,0,0,0
"Mrgprb1",0,0,0,0,0,0,0,1,0,0,0,0,0,0,0
"Tpsb2",0,0,0,0,0,0,0,1,0,0,0,0,0,0,0
"Cma1",0,0,0,0,0,0,0,1,0,0,0,0,0,0,0
"Mcpt4",0,0,0,0,0,0,0,1,0,0,0,0,0,0,0
"Serpinb1a",0,0,0,0,0,0,0,1,0,0,0,0,0,0,0
"Trbc2",0,0,0,0,0,0,0,0,1,0,0,0,0,0,0
"Fabp4",0,0,0,0,0,0,0,0,0,1,0,0,0,0,0
"Hspb1",1,0,0,0,1,0,1,0,0,1,0,0,0,0,0
"Lyz2",1,0,0,0,0,0,0,0,0,0,0,0,0,0,0
"H2-Aa",1,0,0,0,0,0,0,0,0,0,0,0,0,0,0
"H2-Ab1",1,0,0,0,0,0,0,0,0,0,0,0,0,0,0
"Ctss",1,0,0,0,0,0,0,0,0,0,0,0,0,0,0
"Trf",0,0,1,0,0,0,0,0,0,0,0,0,0,0,0
"Csn3",1,0,1,0,0,0,0,0,0,0,0,0,0,0,0
"Mfge8",1,0,1,0,1,0,0,0,0,0,0,0,0,0,0
"AW112010",0,0,0,0,1,0,0,0,0,0,0,0,0,0,0
"Dpt",0,0,0,0,0,1,1,0,0,0,0,0,0,0,0
"Gpx3",0,0,0,0,1,0,1,0,0,0,0,0,0,0,0
"Dcn",0,0,0,0,0,1,0,0,0,0,0,0,0,0,0
"Sparc",0,0,0,0,0,1,1,0,0,0,0,0,0,0,0
"Gsn",0,0,0,0,0,1,0,0,0,0,0,0,0,0,0
"Jchain",0,0,0,0,0,0,0,0,0,0,1,0,0,0,0
"Ccl5",0,0,0,0,0,0,0,0,0,0,0,1,0,0,0
"Mylk",0,0,0,0,1,0,1,0,0,0,0,0,0,0,0
"Myl9",0,0,0,0,1,0,1,0,0,0,0,0,0,0,0
"Cnn1",0,0,0,0,1,0,1,0,0,0,0,0,0,0,0
"Tpm2",0,0,0,0,1,0,1,0,0,0,0,0,0,0,0
"Cdkn1a",0,0,0,0,0,0,0,0,0,0,0,0,1,0,0
"Ctsc",1,0,0,0,0,0,0,0,0,0,0,0,1,0,0
"Elf5",0,0,1,0,0,0,0,0,0,0,0,0,0,0,0
"Epcam",1,0,1,0,1,0,0,0,0,0,0,0,0,0,0
"Cldn3",1,0,1,0,1,0,0,0,0,0,0,0,0,0,0
"Lmo4",0,0,1,0,1,0,0,0,0,0,0,0,0,0,0
"Spint2",1,0,1,0,1,0,0,0,0,0,0,0,0,0,0
"Ubd",0,0,1,0,0,0,0,0,0,0,0,0,0,0,0
"Crip2",0,0,1,0,1,0,0,0,0,0,0,0,0,0,0
"Tceal9",1,0,1,0,1,0,0,0,0,0,0,0,0,0,0
"Tmem176a",0,0,1,0,1,0,0,0,0,0,0,0,0,0,0
"Lcn2",1,0,1,0,0,0,0,0,0,0,0,0,0,0,0
"Tmem59",0,0,1,0,0,0,0,0,0,0,0,0,0,0,0
"C1s1",0,0,0,0,0,1,0,0,0,0,0,0,0,0,0
"Mmp14",0,0,0,0,0,1,0,0,0,0,0,0,0,0,0
"Nid1",0,0,0,0,0,1,0,0,0,0,0,0,0,0,0
"Efemp1",0,0,0,0,0,1,0,0,0,0,0,0,0,0,0
"Mfap2",0,0,0,0,0,1,0,0,0,0,0,0,0,0,0
"Dpep1",0,0,0,0,0,1,0,0,0,0,0,0,0,0,0
"Rarres2",0,0,0,0,0,1,0,0,0,0,0,0,0,0,0
"Loxl1",0,0,0,0,0,1,0,0,0,0,0,0,0,0,0
"Rnase4",0,0,0,0,0,1,0,0,0,0,0,0,0,0,0
"Col6a3",0,0,0,0,0,1,0,0,0,0,0,0,0,0,0
"Col6a1",0,0,0,0,0,1,0,0,0,0,0,0,0,0,0
"Col5a2",0,0,0,0,0,1,0,0,0,0,0,0,0,0,0
"Col6a2",0,0,0,0,0,1,0,0,0,0,0,0,0,0,0
"Serpinh1",0,0,0,0,1,1,0,0,0,0,0,0,0,0,0
"Ppic",0,0,0,0,0,1,0,0,0,0,0,0,0,0,0
"Bgn",0,0,0,0,0,1,0,0,0,0,0,0,0,0,0
"Itm2a",0,0,0,0,0,1,0,0,0,0,0,0,0,0,0
"Rcn3",0,0,0,0,0,1,0,0,0,0,0,0,0,0,0
"Mfap5",0,0,0,0,0,1,0,0,0,0,0,0,0,0,0
"Col4a1",0,0,0,0,1,1,0,0,0,0,0,0,0,0,0
"Col4a2",0,0,0,0,1,1,0,0,0,0,0,0,0,0,0
"P4hb",0,0,0,0,0,1,0,0,0,0,0,0,0,0,0
"Anxa5",0,0,0,0,0,1,0,0,0,0,0,0,0,0,0
"Cd36",0,0,0,0,0,0,0,0,0,1,0,0,0,0,0
"Cd68",1,0,0,0,0,0,0,0,0,0,0,0,0,0,0
"Cfp",1,0,0,0,0,0,0,0,0,0,0,0,0,0,0
"Ms4a6c",1,0,0,0,0,0,0,0,0,0,0,0,0,0,0
"C1qc",1,0,0,0,0,0,0,0,0,0,0,0,0,0,0
"Lgmn",1,0,0,0,0,0,0,0,0,0,0,0,0,0,0
"Pf4",1,0,0,0,0,0,0,0,0,0,0,0,0,0,0
"Aif1",1,0,0,0,0,0,0,0,0,0,0,0,0,0,0
"Grn",1,0,0,0,0,0,0,0,0,0,0,0,0,0,0
"Selenop",1,0,0,0,0,0,0,0,0,0,0,0,0,0,0
"Hba-a1",0,0,0,0,1,0,0,0,0,0,0,0,0,0,0
"Areg",0,0,0,0,1,0,0,0,0,0,0,0,0,0,0
"Calca",0,0,0,0,1,0,0,0,0,0,0,0,0,0,0
"Rnf10",0,0,0,0,1,0,0,0,0,0,0,0,0,0,0
"Tspan3",0,0,0,0,1,0,0,0,0,0,0,0,0,0,0
"Sae1",0,0,0,0,1,0,0,0,0,0,0,0,0,0,0
"Mrpl34",0,0,0,0,1,0,0,0,0,0,0,0,0,0,0
"1110004F10Rik",0,0,0,0,1,0,0,0,0,0,0,0,0,0,0
"Mrpl13",0,0,0,0,1,0,0,0,0,0,0,0,0,0,0
"Slc25a39",1,0,0,0,1,0,0,0,0,0,0,0,0,0,0
"Commd3",0,0,0,0,1,0,0,0,0,0,0,0,0,0,0
"Timm8b",0,0,0,0,1,0,0,0,0,0,0,0,0,0,0
"Sdhb",0,0,0,0,1,0,0,0,0,0,0,0,0,0,0
"Ezr",0,0,0,0,1,0,0,0,0,0,0,0,0,0,0
"Gata2",0,0,0,0,0,0,0,1,0,0,0,0,0,0,0
"Hdc",0,0,0,0,0,0,0,1,0,0,0,0,0,0,0
"Tagln",0,0,0,0,1,0,0,0,0,0,0,0,0,0,0
"Gm33651",0,0,0,0,1,0,0,0,0,0,0,0,0,0,0
"Krt5",0,0,0,0,1,0,0,0,0,0,0,0,0,0,0
"Ecrg4",0,0,0,0,1,0,0,0,0,0,0,0,0,0,0
"Actg2",0,0,0,0,1,0,0,0,0,0,0,0,0,0,0
"Mia",0,0,0,0,1,0,0,0,0,0,0,0,0,0,0
"Igfbp2",0,0,0,0,1,0,0,0,0,0,0,0,0,0,0
"Cxcl14",0,0,0,0,1,0,0,0,0,0,0,0,0,0,0
"Il17b",0,0,0,0,1,0,0,0,0,0,0,0,0,0,0
"Tpm1",0,0,0,0,1,0,0,0,0,0,0,0,0,0,0
"Apoc1",0,0,0,0,1,0,0,0,0,0,0,0,0,0,0
"Lgals7",0,0,0,0,1,0,0,0,0,0,0,0,0,0,0
"Csrp1",0,0,0,0,1,0,0,0,0,0,0,0,0,0,0
"Nedd4",0,0,0,0,1,0,0,0,0,0,0,0,0,0,0
"Rbp1",0,0,0,0,1,0,0,0,0,0,0,0,0,0,0
"Cd79a",0,0,0,0,0,0,0,0,0,0,1,0,0,0,0
"Clec3b",0,0,0,0,0,1,0,0,0,0,0,0,0,0,0
"Pcolce",0,0,0,0,0,1,0,0,0,0,0,0,0,0,0
"Postn",0,0,0,0,0,1,0,0,0,0,0,0,0,0,0
"Ctsl",0,0,0,0,0,1,0,0,0,0,0,0,0,0,0
"Cd63",0,0,0,0,1,1,0,0,0,0,0,0,0,0,0
"Laptm4a",0,0,0,0,1,1,0,0,0,0,0,0,0,0,0
"Ifitm3",1,0,0,0,1,1,0,0,0,0,0,0,0,0,0
"Ifitm2",0,0,0,0,1,1,0,0,0,0,0,0,0,0,0
"Vim",0,0,0,0,0,1,0,0,0,0,0,0,0,0,0
"Ctsb",0,0,0,0,0,1,0,0,0,0,0,0,0,0,0
"Banf1",0,0,0,0,0,0,0,0,0,0,0,0,0,1,0
"S100a4",0,0,0,0,0,0,0,0,0,0,0,0,0,0,1
"Ccl6",1,0,0,0,0,0,0,0,0,0,0,0,0,0,0
"Fscn1",1,0,0,0,0,0,0,0,0,0,0,0,0,0,0
"Tmem176b",1,0,0,0,1,0,0,0,0,0,0,0,0,0,0
"Tmem123",1,0,0,0,0,0,0,0,0,0,0,0,0,0,0
"Gadd45b",1,0,0,0,0,0,0,0,0,0,0,0,0,0,0
"Lrg1",1,0,0,0,0,0,0,0,0,0,0,0,0,0,0
"Ltf",1,0,0,0,0,0,0,0,0,0,0,0,0,0,0
"Plet1",1,0,0,0,0,0,0,0,0,0,0,0,0,0,0
"Smim22",1,0,0,0,0,0,0,0,0,0,0,0,0,0,0
"Cldn4",1,0,0,0,1,0,0,0,0,0,0,0,0,0,0
"Slc12a2",1,0,0,0,1,0,0,0,0,0,0,0,0,0,0
"Tgm2",1,0,0,0,1,0,0,0,0,0,0,0,0,0,0
"Ptn",1,0,0,0,1,0,0,0,0,0,0,0,0,0,0
"Slc25a17",1,0,0,0,0,0,0,0,0,0,0,0,0,0,0
"Phyh",1,0,0,0,0,0,0,0,0,0,0,0,0,0,0
"H2bc4",1,0,0,0,1,0,0,0,0,0,0,0,0,0,0
"Atp1a1",1,0,0,0,0,0,0,0,0,0,0,0,0,0,0
"Apobec3",1,0,0,0,0,0,0,0,0,0,0,0,0,0,0
"Cd81",1,0,0,0,0,0,0,0,0,0,0,0,0,0,0
"Slc5a5",0,0,0,0,1,0,0,0,0,0,0,0,0,0,0
"Tspan1",0,0,0,0,1,0,0,0,0,0,0,0,0,0,0
"Krt7",0,0,0,0,1,0,0,0,0,0,0,0,0,0,0
"Gipc2",0,0,0,0,1,0,0,0,0,0,0,0,0,0,0
"Aqp5",0,0,0,0,1,0,0,0,0,0,0,0,0,0,0
"Cystm1",0,0,0,0,1,0,0,0,0,0,0,0,0,0,0
"Fam25c",0,0,0,0,1,0,0,0,0,0,0,0,0,0,0
"Cd200",0,0,0,0,1,0,0,0,0,0,0,0,0,0,0
"Naxd",0,0,0,0,1,0,0,0,0,0,0,0,0,0,0
"Gadd45g",0,0,0,0,1,0,0,0,0,0,0,0,0,0,0
"Tspan13",0,0,0,0,1,0,0,0,0,0,0,0,0,0,0
"Acadl",0,0,0,0,1,0,0,0,0,0,0,0,0,0,0
"Cnn3",0,0,0,0,1,0,0,0,0,0,0,0,0,0,0
"Cnpy2",0,0,0,0,1,0,0,0,0,0,0,0,0,0,0
"Id3",0,0,0,0,1,0,0,0,0,0,0,0,0,0,0
"Anxa1",0,0,0,0,1,0,0,0,0,0,0,0,0,0,0
"Polr2f",0,0,0,0,1,0,0,0,0,0,0,0,0,0,0
"Atp6v1g1",0,0,0,0,1,0,0,0,0,0,0,0,0,0,0
"Tmem256",0,0,0,0,1,0,0,0,0,0,0,0,0,0,0
"Rnh1",0,0,0,0,1,0,0,0,0,0,0,0,0,0,0
"Bsg",0,0,0,0,1,0,0,0,0,0,0,0,0,0,0
"Rps27l",0,0,0,0,1,0,0,0,0,0,0,0,0,0,0
"Prdx5",0,0,0,0,1,0,0,0,0,0,0,0,0,0,0
"Cox17",0,0,0,0,1,0,0,0,0,0,0,0,0,0,0
"Prdx6",0,0,0,0,1,0,0,0,0,0,0,0,0,0,0
"Atox1",0,0,0,0,1,0,0,0,0,0,0,0,0,0,0
"Uqcr11",0,0,0,0,1,0,0,0,0,0,0,0,0,0,0
"Gpx4",0,0,0,0,1,0,0,0,0,0,0,0,0,0,0
"Skp1",0,0,0,0,1,0,0,0,0,0,0,0,0,0,0
"Anxa2",1,0,0,0,1,0,0,0,0,0,0,0,0,0,0
"Ctsd",0,0,0,0,1,0,0,0,0,0,0,0,0,0,0
"Tuba1b",0,0,0,0,0,0,0,0,0,0,0,0,0,1,0
"Htra3",0,0,0,0,0,1,0,0,0,0,0,0,0,0,0
"Fn1",0,0,0,0,0,1,0,0,0,0,0,0,0,0,0
"Plpp3",0,0,0,0,0,1,0,0,0,0,0,0,0,0,0
"Mt1",0,0,0,0,1,1,0,0,0,0,0,0,0,0,0
"Ly6a",0,0,0,0,1,1,0,0,0,0,0,0,0,0,0
"Tsc22d1",1,0,0,0,0,0,0,0,0,0,0,0,0,0,0
"Fosb",1,0,0,0,0,0,0,0,0,0,0,0,0,0,0
"Dbi",1,0,0,0,0,0,0,0,0,0,0,0,0,0,0
"Serinc3",1,0,0,0,1,0,0,0,0,0,0,0,0,0,0
"Phlda1",1,0,0,0,0,0,0,0,0,0,0,0,0,0,0
"Fgg",0,0,0,0,1,0,0,0,0,0,0,0,0,0,0
"Ly6d",0,0,0,0,1,0,0,0,0,0,0,0,0,0,0
"Atf3",0,0,0,0,1,0,0,0,0,0,0,0,0,0,0
"Atpif1",0,0,0,0,1,0,0,0,0,0,0,0,0,0,0
"Prdx2",0,0,0,0,1,0,0,0,0,0,0,0,0,0,0
"Hmgn1",0,0,0,0,1,0,0,0,0,0,0,0,0,0,0
"Uqcrb",0,0,0,0,1,0,0,0,0,0,0,0,0,0,0
"Akr1a1",0,0,0,0,1,0,0,0,0,0,0,0,0,0,0
"Ndufa7",0,0,0,0,1,0,0,0,0,0,0,0,0,0,0
"Lgals1",0,0,0,0,0,1,0,0,0,0,0,0,0,0,0
"Gzma",0,0,0,0,0,0,0,0,0,0,0,1,0,0,0
"Nkg7",0,0,0,0,0,0,0,0,0,0,0,1,0,0,0
